,Name,year,brl_percent,exit_velocity,max_ev,hard_hit_percent,k_percent,bb_percent,whiff_percent,chase_percent,wRC+
0,Bryce Harper,2015,97.0,91.0,99.0,98.0,42.0,100.0,17.0,71.0,197
1,Mike Trout,2015,99.0,99.0,100.0,99.0,22.0,96.0,47.0,91.0,171
2,Josh Donaldson,2015,95.0,98.0,94.0,96.0,51.0,84.0,24.0,89.0,154
3,Joey Votto,2015,92.0,79.0,70.0,82.0,45.0,100.0,33.0,100.0,174
4,Paul Goldschmidt,2015,96.0,96.0,95.0,94.0,29.0,99.0,26.0,96.0,163
6,Buster Posey,2015,60.0,57.0,78.0,61.0,99.0,69.0,91.0,64.0,135
7,Manny Machado,2015,70.0,91.0,97.0,81.0,73.0,79.0,76.0,77.0,135
8,Kris Bryant,2015,93.0,69.0,85.0,87.0,3.0,91.0,1.0,55.0,136
9,Lorenzo Cain,2015,53.0,79.0,83.0,65.0,66.0,32.0,65.0,29.0,128
10,Andrew McCutchen,2015,84.0,84.0,85.0,90.0,45.0,97.0,20.0,93.0,144
11,Francisco Cervelli,2015,39.0,38.0,83.0,53.0,53.0,69.0,63.0,98.0,117
12,Yoenis Cespedes,2015,92.0,97.0,92.0,90.0,35.0,15.0,35.0,11.0,135
13,Jason Heyward,2015,25.0,58.0,84.0,48.0,79.0,72.0,83.0,84.0,121
14,Chris Davis,2015,100.0,96.0,92.0,94.0,2.0,94.0,1.0,55.0,149
15,Matt Carpenter,2015,83.0,55.0,72.0,55.0,23.0,92.0,49.0,96.0,140
16,Curtis Granderson,2015,75.0,62.0,72.0,73.0,27.0,96.0,53.0,98.0,131
18,Anthony Rizzo,2015,73.0,50.0,88.0,65.0,78.0,88.0,63.0,38.0,145
19,J.D. Martinez,2015,100.0,90.0,92.0,99.0,8.0,57.0,10.0,24.0,136
20,Nelson Cruz,2015,98.0,99.0,100.0,98.0,14.0,69.0,10.0,40.0,158
21,Mookie Betts,2015,53.0,82.0,78.0,61.0,84.0,46.0,88.0,86.0,120
22,Dee Strange-Gordon,2015,8.0,2.0,53.0,2.0,82.0,4.0,90.0,9.0,116
23,Miguel Cabrera,2015,90.0,100.0,98.0,100.0,68.0,97.0,37.0,63.0,165
24,Xander Bogaerts,2015,22.0,35.0,87.0,42.0,75.0,15.0,55.0,22.0,111
26,Nolan Arenado,2015,75.0,84.0,77.0,75.0,64.0,20.0,51.0,14.0,121
27,Jason Kipnis,2015,25.0,62.0,50.0,67.0,63.0,67.0,79.0,71.0,124
28,Russell Martin,2015,75.0,59.0,85.0,73.0,35.0,85.0,35.0,95.0,115
29,Jose Altuve,2015,29.0,13.0,51.0,21.0,96.0,14.0,97.0,20.0,124
30,Matt Duffy,2015,38.0,35.0,50.0,32.0,72.0,15.0,72.0,47.0,113
32,Todd Frazier,2015,82.0,67.0,87.0,67.0,40.0,39.0,28.0,18.0,116
34,Brandon Crawford,2015,79.0,80.0,80.0,84.0,32.0,46.0,14.0,29.0,113
35,Kevin Kiermaier,2015,21.0,32.0,89.0,29.0,56.0,10.0,52.0,34.0,97
36,Logan Forsythe,2015,35.0,45.0,65.0,33.0,55.0,67.0,66.0,90.0,125
37,David Peralta,2015,73.0,92.0,99.0,86.0,36.0,61.0,31.0,37.0,137
38,Brandon Belt,2015,88.0,71.0,71.0,81.0,11.0,80.0,14.0,73.0,132
39,Adam Eaton,2015,29.0,37.0,62.0,29.0,49.0,59.0,66.0,60.0,121
40,Ian Kinsler,2015,24.0,13.0,45.0,18.0,88.0,37.0,94.0,69.0,110
41,Mike Moustakas,2015,63.0,62.0,90.0,58.0,85.0,46.0,80.0,37.0,123
42,Kyle Seager,2015,66.0,60.0,70.0,48.0,81.0,54.0,76.0,57.0,115
43,Evan Longoria,2015,78.0,67.0,69.0,71.0,43.0,50.0,35.0,49.0,109
45,Derek Norris,2015,18.0,25.0,88.0,50.0,20.0,35.0,49.0,82.0,98
46,Kevin Pillar,2015,14.0,10.0,90.0,17.0,82.0,10.0,71.0,6.0,94
47,Michael Brantley,2015,37.0,57.0,76.0,57.0,98.0,80.0,100.0,92.0,133
48,Eric Hosmer,2015,67.0,71.0,95.0,78.0,66.0,71.0,54.0,36.0,124
49,Shin-Soo Choo,2015,77.0,87.0,85.0,88.0,24.0,90.0,16.0,89.0,128
50,Justin Upton,2015,89.0,72.0,95.0,69.0,12.0,87.0,6.0,89.0,119
51,Adam Jones,2015,81.0,38.0,89.0,47.0,56.0,6.0,33.0,1.0,111
54,Starling Marte,2015,65.0,35.0,87.0,50.0,45.0,8.0,20.0,6.0,115
55,Ryan Braun,2015,91.0,98.0,97.0,92.0,38.0,76.0,39.0,13.0,131
56,Lucas Duda,2015,94.0,92.0,96.0,83.0,15.0,92.0,28.0,62.0,132
57,Kole Calhoun,2015,65.0,14.0,67.0,33.0,18.0,41.0,14.0,47.0,103
58,Chris Coghlan,2015,53.0,47.0,57.0,39.0,51.0,89.0,59.0,94.0,113
59,Joc Pederson,2015,95.0,89.0,97.0,92.0,4.0,98.0,1.0,77.0,116
60,Brian Dozier,2015,59.0,26.0,67.0,29.0,34.0,64.0,45.0,50.0,102
61,Didi Gregorius,2015,13.0,5.0,55.0,13.0,80.0,24.0,42.0,19.0,89
62,Andrelton Simmons,2015,6.0,17.0,67.0,22.0,99.0,43.0,95.0,73.0,81
64,Ben Zobrist,2015,35.0,49.0,59.0,49.0,94.0,90.0,93.0,95.0,122
65,Dexter Fowler,2015,43.0,26.0,76.0,26.0,25.0,92.0,47.0,99.0,109
66,David Ortiz,2015,97.0,100.0,94.0,100.0,74.0,94.0,37.0,66.0,139
68,Josh Reddick,2015,48.0,45.0,65.0,36.0,91.0,61.0,84.0,65.0,116
70,Brian McCann,2015,51.0,63.0,90.0,58.0,55.0,77.0,77.0,42.0,106
71,Alex Rodriguez,2015,92.0,90.0,99.0,87.0,21.0,96.0,5.0,82.0,129
72,Neil Walker,2015,45.0,55.0,56.0,62.0,54.0,49.0,61.0,40.0,106
74,Trevor Plouffe,2015,72.0,71.0,61.0,70.0,45.0,54.0,53.0,81.0,100
75,Addison Russell,2015,50.0,20.0,69.0,23.0,6.0,57.0,8.0,58.0,90
76,Charlie Blackmon,2015,35.0,21.0,76.0,22.0,65.0,43.0,84.0,60.0,103
77,Brett Gardner,2015,38.0,51.0,73.0,49.0,36.0,84.0,51.0,93.0,106
78,Brandon Phillips,2015,18.0,14.0,61.0,16.0,92.0,8.0,65.0,15.0,97
79,Kolten Wong,2015,27.0,31.0,80.0,42.0,74.0,27.0,61.0,25.0,96
80,Christian Yelich,2015,45.0,92.0,90.0,91.0,48.0,69.0,44.0,81.0,120
81,Troy Tulowitzki,2015,51.0,76.0,88.0,76.0,31.0,49.0,39.0,57.0,101
82,Ender Inciarte,2015,10.0,6.0,56.0,6.0,95.0,12.0,94.0,19.0,100
83,Yadier Molina,2015,18.0,17.0,44.0,14.0,92.0,29.0,78.0,22.0,81
84,Yunel Escobar,2015,27.0,69.0,72.0,58.0,89.0,50.0,74.0,66.0,120
85,Ben Revere,2015,1.0,1.0,85.0,1.0,95.0,18.0,98.0,54.0,98
86,Mitch Moreland,2015,90.0,91.0,90.0,94.0,30.0,33.0,22.0,47.0,117
87,Daniel Murphy,2015,44.0,72.0,93.0,63.0,100.0,25.0,100.0,35.0,109
88,Gregory Polanco,2015,42.0,72.0,98.0,72.0,52.0,59.0,58.0,50.0,92
89,Kendrys Morales,2015,81.0,94.0,94.0,97.0,67.0,71.0,40.0,43.0,131
90,Carlos Santana,2015,67.0,59.0,85.0,71.0,54.0,98.0,62.0,98.0,107
91,Jhonny Peralta,2015,42.0,38.0,71.0,44.0,58.0,53.0,37.0,51.0,105
92,Prince Fielder,2015,63.0,87.0,97.0,89.0,84.0,72.0,54.0,29.0,125
93,Adam Lind,2015,67.0,63.0,74.0,56.0,57.0,89.0,51.0,31.0,120
94,Gerardo Parra,2015,31.0,38.0,62.0,25.0,73.0,14.0,69.0,7.0,109
95,Brock Holt,2015,2.0,20.0,55.0,12.0,49.0,69.0,86.0,77.0,99
96,DJ LeMahieu,2015,16.0,82.0,60.0,73.0,58.0,57.0,81.0,85.0,91
97,Billy Burns,2015,2.0,1.0,42.0,1.0,80.0,13.0,82.0,10.0,102
99,Stephen Vogt,2015,55.0,23.0,71.0,25.0,49.0,87.0,67.0,51.0,114
100,Yangervis Solarte,2015,16.0,37.0,80.0,31.0,96.0,29.0,91.0,41.0,109
101,Austin Jackson,2015,37.0,67.0,69.0,72.0,18.0,23.0,46.0,79.0,94
102,Elvis Andrus,2015,12.0,29.0,74.0,18.0,89.0,46.0,87.0,76.0,78
103,Wilmer Flores,2015,16.0,17.0,75.0,14.0,85.0,4.0,89.0,49.0,95
104,Albert Pujols,2015,71.0,85.0,95.0,65.0,92.0,50.0,82.0,49.0,114
105,Chase Headley,2015,49.0,21.0,75.0,35.0,34.0,54.0,51.0,90.0,92
106,Freddy Galvis,2015,16.0,13.0,38.0,8.0,59.0,18.0,63.0,4.0,76
107,Marlon Byrd,2015,78.0,15.0,66.0,29.0,9.0,21.0,8.0,2.0,100
108,Johnny Giavotella,2015,6.0,10.0,81.0,5.0,89.0,37.0,87.0,67.0,93
109,Alcides Escobar,2015,5.0,3.0,48.0,2.0,91.0,5.0,67.0,15.0,66
110,Nick Markakis,2015,4.0,41.0,64.0,41.0,87.0,83.0,95.0,71.0,106
111,Marcus Semien,2015,43.0,25.0,53.0,21.0,27.0,46.0,44.0,83.0,97
112,Ian Desmond,2015,65.0,86.0,97.0,79.0,4.0,46.0,13.0,24.0,83
113,Cameron Maybin,2015,24.0,38.0,73.0,55.0,53.0,57.0,55.0,70.0,93
114,Mark Trumbo,2015,87.0,96.0,99.0,85.0,17.0,41.0,10.0,12.0,107
115,Aramis Ramirez,2015,55.0,30.0,64.0,47.0,82.0,29.0,73.0,21.0,93
116,Matt Kemp,2015,75.0,63.0,67.0,77.0,23.0,29.0,18.0,18.0,109
117,Jace Peterson,2015,32.0,25.0,75.0,17.0,41.0,75.0,40.0,66.0,79
118,Brett Lawrie,2015,44.0,76.0,90.0,68.0,18.0,13.0,18.0,18.0,94
119,Erick Aybar,2015,5.0,9.0,61.0,5.0,90.0,5.0,91.0,6.0,78
120,Salvador Perez,2015,51.0,29.0,83.0,35.0,79.0,1.0,72.0,3.0,87
121,Torii Hunter,2015,48.0,47.0,61.0,49.0,52.0,33.0,37.0,22.0,89
123,Anthony Gose,2015,18.0,38.0,78.0,27.0,8.0,59.0,17.0,41.0,89
124,Starlin Castro,2015,41.0,15.0,92.0,19.0,72.0,3.0,60.0,25.0,79
125,Nick Castellanos,2015,71.0,41.0,86.0,47.0,14.0,41.0,12.0,29.0,94
126,Brandon Moss,2015,94.0,58.0,94.0,71.0,6.0,74.0,12.0,39.0,93
127,Jimmy Rollins,2015,22.0,9.0,48.0,10.0,76.0,53.0,71.0,77.0,80
128,Evan Gattis,2015,67.0,55.0,89.0,69.0,43.0,18.0,27.0,11.0,103
129,Joe Mauer,2015,35.0,63.0,57.0,73.0,61.0,80.0,78.0,71.0,93
130,Jay Bruce,2015,74.0,69.0,85.0,62.0,25.0,67.0,27.0,39.0,93
131,Melky Cabrera,2015,21.0,67.0,83.0,57.0,83.0,27.0,91.0,24.0,94
132,Alexei Ramirez,2015,6.0,4.0,55.0,8.0,92.0,18.0,85.0,35.0,74
133,Jean Segura,2015,10.0,23.0,72.0,18.0,69.0,1.0,76.0,9.0,64
134,Logan Morrison,2015,65.0,72.0,94.0,63.0,69.0,72.0,67.0,54.0,90
135,Michael A. Taylor,2015,61.0,50.0,91.0,53.0,2.0,45.0,3.0,33.0,69
136,Ryan Howard,2015,94.0,90.0,81.0,92.0,8.0,22.0,6.0,8.0,93
139,Wilson Ramos,2015,61.0,82.0,96.0,89.0,42.0,7.0,32.0,23.0,62
140,Billy Butler,2015,69.0,62.0,75.0,77.0,61.0,64.0,65.0,54.0,98
141,Chris Owings,2015,24.0,23.0,57.0,13.0,11.0,13.0,20.0,13.0,51
142,Pablo Sandoval,2015,45.0,35.0,95.0,40.0,81.0,18.0,63.0,1.0,76
143,Mike Trout,2016,96.0,83.0,99.0,69.0,46.0,100.0,61.0,91.0,170
144,Kris Bryant,2016,89.0,54.0,89.0,60.0,33.0,82.0,21.0,51.0,148
145,Mookie Betts,2016,36.0,63.0,96.0,67.0,94.0,28.0,93.0,84.0,136
146,Jose Altuve,2016,52.0,37.0,67.0,47.0,98.0,55.0,90.0,36.0,152
147,Josh Donaldson,2016,91.0,95.0,94.0,98.0,68.0,98.0,38.0,82.0,157
148,Buster Posey,2016,52.0,76.0,75.0,83.0,93.0,79.0,93.0,63.0,114
149,Brian Dozier,2016,66.0,33.0,56.0,46.0,48.0,60.0,45.0,56.0,132
150,Freddie Freeman,2016,93.0,88.0,96.0,89.0,20.0,92.0,12.0,45.0,152
152,Adam Eaton,2016,20.0,51.0,64.0,46.0,73.0,61.0,79.0,45.0,117
153,Jean Segura,2016,43.0,50.0,74.0,35.0,81.0,16.0,81.0,41.0,126
154,Nolan Arenado,2016,74.0,57.0,81.0,66.0,79.0,74.0,71.0,29.0,126
155,Kyle Seager,2016,74.0,73.0,69.0,74.0,74.0,77.0,73.0,78.0,134
156,Manny Machado,2016,77.0,73.0,99.0,83.0,65.0,32.0,53.0,37.0,131
157,Jackie Bradley Jr.,2016,71.0,73.0,68.0,64.0,29.0,75.0,25.0,60.0,118
158,Ian Kinsler,2016,23.0,18.0,44.0,19.0,69.0,26.0,88.0,72.0,124
159,Miguel Cabrera,2016,99.0,99.0,95.0,100.0,66.0,85.0,52.0,35.0,153
160,Christian Yelich,2016,79.0,96.0,93.0,99.0,40.0,83.0,36.0,94.0,134
162,Corey Seager,2016,66.0,86.0,89.0,86.0,51.0,47.0,45.0,50.0,136
163,Francisco Lindor,2016,27.0,44.0,86.0,34.0,88.0,53.0,81.0,53.0,109
164,Joey Votto,2016,79.0,60.0,67.0,67.0,62.0,99.0,72.0,96.0,158
165,DJ LeMahieu,2016,33.0,93.0,85.0,95.0,89.0,79.0,98.0,84.0,130
167,Anthony Rizzo,2016,75.0,51.0,92.0,46.0,74.0,83.0,65.0,44.0,145
168,Daniel Murphy,2016,70.0,80.0,92.0,75.0,98.0,20.0,97.0,35.0,154
169,Nelson Cruz,2016,99.0,100.0,99.0,100.0,24.0,67.0,16.0,57.0,148
170,David Ortiz,2016,97.0,99.0,91.0,94.0,85.0,92.0,68.0,63.0,163
171,Charlie Blackmon,2016,50.0,26.0,89.0,34.0,75.0,28.0,79.0,29.0,132
172,George Springer,2016,84.0,56.0,98.0,59.0,24.0,89.0,22.0,69.0,126
173,Yadier Molina,2016,23.0,28.0,50.0,14.0,94.0,28.0,90.0,14.0,114
174,Paul Goldschmidt,2016,61.0,84.0,85.0,81.0,38.0,98.0,50.0,95.0,133
175,Jonathan Lucroy,2016,57.0,25.0,80.0,40.0,58.0,57.0,67.0,54.0,123
176,Justin Turner,2016,73.0,78.0,69.0,75.0,65.0,43.0,73.0,83.0,123
177,Dexter Fowler,2016,40.0,33.0,72.0,35.0,29.0,95.0,53.0,99.0,129
178,Evan Longoria,2016,90.0,81.0,75.0,75.0,40.0,21.0,29.0,25.0,123
179,Wilson Ramos,2016,57.0,81.0,83.0,83.0,78.0,28.0,70.0,54.0,123
180,Carlos Correa,2016,60.0,84.0,100.0,85.0,39.0,87.0,38.0,57.0,123
181,Brandon Crawford,2016,38.0,47.0,71.0,39.0,57.0,63.0,26.0,46.0,104
182,Matt Carpenter,2016,87.0,80.0,81.0,78.0,53.0,95.0,69.0,87.0,136
183,Jason Kipnis,2016,49.0,64.0,61.0,65.0,38.0,59.0,66.0,68.0,114
184,Ender Inciarte,2016,3.0,4.0,31.0,1.0,91.0,44.0,98.0,31.0,97
185,Dustin Pedroia,2016,13.0,41.0,36.0,15.0,95.0,59.0,96.0,75.0,121
186,Brandon Belt,2016,87.0,19.0,48.0,28.0,28.0,98.0,33.0,81.0,136
187,Jake Lamb,2016,88.0,88.0,83.0,85.0,14.0,83.0,17.0,70.0,114
188,Starling Marte,2016,38.0,24.0,83.0,51.0,50.0,8.0,31.0,7.0,120
189,Xander Bogaerts,2016,37.0,50.0,91.0,29.0,66.0,49.0,63.0,25.0,114
191,Russell Martin,2016,77.0,53.0,78.0,69.0,11.0,90.0,11.0,97.0,101
193,Ben Zobrist,2016,30.0,53.0,77.0,43.0,87.0,97.0,94.0,97.0,124
194,Elvis Andrus,2016,9.0,21.0,63.0,25.0,90.0,53.0,85.0,73.0,109
195,Addison Russell,2016,77.0,25.0,60.0,23.0,28.0,65.0,15.0,52.0,95
196,Jonathan Schoop,2016,52.0,21.0,93.0,41.0,38.0,2.0,18.0,1.0,99
197,Jonathan Villar,2016,47.0,73.0,94.0,57.0,16.0,87.0,24.0,87.0,120
199,Ian Desmond,2016,59.0,80.0,85.0,86.0,26.0,25.0,23.0,48.0,103
201,Ryan Braun,2016,68.0,66.0,96.0,60.0,64.0,51.0,58.0,16.0,134
202,Yoenis Cespedes,2016,81.0,93.0,96.0,95.0,48.0,68.0,35.0,23.0,136
203,Carlos Santana,2016,81.0,81.0,81.0,83.0,82.0,97.0,70.0,98.0,130
204,Anthony Rendon,2016,43.0,86.0,82.0,75.0,60.0,75.0,81.0,93.0,110
205,Wil Myers,2016,54.0,41.0,91.0,62.0,25.0,76.0,54.0,73.0,114
207,Kole Calhoun,2016,46.0,64.0,72.0,70.0,63.0,75.0,33.0,47.0,117
208,Todd Frazier,2016,83.0,51.0,92.0,43.0,22.0,70.0,20.0,40.0,105
209,Curtis Granderson,2016,52.0,28.0,68.0,32.0,42.0,88.0,53.0,96.0,116
210,Rougned Odor,2016,61.0,60.0,86.0,55.0,36.0,1.0,42.0,1.0,103
211,Hanley Ramirez,2016,84.0,78.0,97.0,78.0,51.0,72.0,40.0,45.0,127
212,Logan Forsythe,2016,59.0,66.0,71.0,60.0,30.0,49.0,51.0,98.0,113
213,Leonys Martin,2016,34.0,25.0,83.0,22.0,14.0,43.0,11.0,23.0,89
214,Stephen Piscotty,2016,71.0,37.0,78.0,55.0,42.0,47.0,30.0,24.0,116
215,Marcus Semien,2016,49.0,32.0,63.0,42.0,30.0,51.0,40.0,70.0,98
216,Khris Davis,2016,100.0,94.0,98.0,97.0,12.0,32.0,4.0,47.0,122
217,Adam Jones,2016,63.0,44.0,78.0,39.0,66.0,18.0,28.0,1.0,98
218,Brett Gardner,2016,12.0,12.0,53.0,7.0,71.0,85.0,89.0,86.0,96
219,Jordy Mercer,2016,11.0,16.0,49.0,10.0,83.0,59.0,92.0,58.0,88
220,J.D. Martinez,2016,95.0,91.0,96.0,94.0,19.0,69.0,14.0,32.0,143
221,Marcell Ozuna,2016,61.0,81.0,93.0,80.0,54.0,35.0,26.0,31.0,109
222,Didi Gregorius,2016,18.0,8.0,66.0,10.0,85.0,2.0,72.0,5.0,97
223,Starlin Castro,2016,38.0,40.0,91.0,37.0,53.0,5.0,45.0,13.0,93
224,Michael Saunders,2016,60.0,66.0,77.0,88.0,10.0,81.0,15.0,84.0,119
225,J.T. Realmuto,2016,25.0,41.0,73.0,42.0,58.0,12.0,67.0,39.0,111
226,Troy Tulowitzki,2016,78.0,66.0,81.0,72.0,56.0,47.0,58.0,64.0,104
229,Chris Carter,2016,100.0,93.0,95.0,93.0,3.0,89.0,1.0,75.0,113
231,Adam Duvall,2016,90.0,41.0,78.0,75.0,13.0,30.0,23.0,24.0,104
232,Gregory Polanco,2016,44.0,64.0,93.0,68.0,45.0,63.0,55.0,43.0,106
236,Chase Headley,2016,43.0,19.0,67.0,32.0,31.0,70.0,34.0,78.0,92
237,Mark Trumbo,2016,98.0,98.0,99.0,89.0,17.0,43.0,14.0,32.0,125
238,Bryce Harper,2016,55.0,47.0,89.0,45.0,55.0,100.0,48.0,77.0,111
239,Josh Harrison,2016,10.0,12.0,32.0,5.0,81.0,3.0,63.0,11.0,86
240,Melky Cabrera,2016,10.0,57.0,78.0,37.0,95.0,38.0,94.0,19.0,116
241,Jacoby Ellsbury,2016,9.0,16.0,74.0,22.0,86.0,60.0,83.0,71.0,90
242,Joe Panik,2016,30.0,10.0,51.0,12.0,100.0,69.0,99.0,90.0,86
243,Kevin Pillar,2016,18.0,18.0,90.0,18.0,78.0,7.0,73.0,9.0,82
244,Danny Valencia,2016,61.0,68.0,93.0,73.0,32.0,47.0,20.0,46.0,117
245,Justin Upton,2016,92.0,88.0,95.0,91.0,10.0,49.0,8.0,83.0,105
246,Jose Iglesias,2016,3.0,1.0,80.0,4.0,98.0,14.0,99.0,12.0,74
247,Chris Davis,2016,97.0,86.0,81.0,86.0,1.0,93.0,1.0,59.0,113
248,Joe Mauer,2016,44.0,64.0,59.0,83.0,73.0,94.0,90.0,93.0,102
249,Freddy Galvis,2016,15.0,21.0,58.0,13.0,34.0,5.0,57.0,5.0,74
250,Yunel Escobar,2016,15.0,54.0,71.0,45.0,91.0,35.0,83.0,60.0,107
251,Brad Miller,2016,79.0,78.0,90.0,81.0,19.0,44.0,25.0,48.0,111
253,Alex Gordon,2016,73.0,28.0,56.0,48.0,7.0,78.0,13.0,78.0,86
254,Alcides Escobar,2016,7.0,2.0,46.0,3.0,84.0,5.0,61.0,5.0,69
255,Jay Bruce,2016,68.0,47.0,84.0,57.0,36.0,40.0,30.0,30.0,111
256,Mike Napoli,2016,94.0,60.0,95.0,64.0,5.0,90.0,10.0,76.0,111
257,Chase Utley,2016,28.0,26.0,54.0,35.0,43.0,35.0,71.0,92.0,96
258,Marwin Gonzalez,2016,38.0,54.0,75.0,44.0,28.0,7.0,31.0,14.0,89
259,Jayson Werth,2016,57.0,90.0,96.0,89.0,27.0,88.0,58.0,87.0,100
260,Cheslor Cuthbert,2016,12.0,54.0,84.0,50.0,55.0,23.0,46.0,39.0,95
261,Howie Kendrick,2016,42.0,76.0,80.0,79.0,62.0,65.0,60.0,53.0,90
263,Albert Pujols,2016,75.0,92.0,99.0,87.0,93.0,40.0,88.0,37.0,110
265,Danny Espinosa,2016,65.0,68.0,87.0,33.0,8.0,63.0,5.0,27.0,78
266,Victor Martinez,2016,68.0,66.0,75.0,79.0,79.0,51.0,79.0,38.0,120
267,Kendrys Morales,2016,86.0,98.0,98.0,99.0,51.0,44.0,39.0,23.0,111
268,Andrew McCutchen,2016,70.0,60.0,82.0,77.0,38.0,77.0,32.0,79.0,105
269,Maikel Franco,2016,52.0,57.0,91.0,71.0,70.0,23.0,38.0,27.0,92
270,Scooter Gennett,2016,25.0,16.0,64.0,8.0,39.0,34.0,51.0,22.0,92
271,Zack Cozart,2016,11.0,10.0,45.0,13.0,72.0,38.0,72.0,62.0,90
273,Corey Dickerson,2016,86.0,50.0,89.0,57.0,22.0,20.0,16.0,2.0,101
274,Nomar Mazara,2016,50.0,32.0,100.0,40.0,50.0,32.0,62.0,31.0,91
275,Denard Span,2016,15.0,7.0,66.0,17.0,90.0,53.0,93.0,75.0,94
276,Jason Heyward,2016,18.0,15.0,80.0,20.0,76.0,63.0,81.0,80.0,72
277,Nick Markakis,2016,33.0,80.0,95.0,81.0,79.0,79.0,94.0,93.0,98
278,Salvador Perez,2016,46.0,45.0,89.0,55.0,34.0,5.0,45.0,1.0,89
280,Travis Shaw,2016,63.0,41.0,87.0,37.0,19.0,49.0,36.0,30.0,88
281,Stephen Vogt,2016,35.0,7.0,63.0,12.0,77.0,26.0,79.0,34.0,91
282,Eric Hosmer,2016,75.0,94.0,97.0,88.0,49.0,56.0,30.0,32.0,102
283,Yonder Alonso,2016,27.0,41.0,78.0,53.0,85.0,56.0,77.0,68.0,87
284,Brandon Phillips,2016,15.0,11.0,67.0,10.0,92.0,2.0,70.0,3.0,92
285,Mitch Moreland,2016,78.0,78.0,88.0,65.0,26.0,34.0,19.0,25.0,83
287,Matt Kemp,2016,86.0,35.0,78.0,56.0,27.0,13.0,13.0,6.0,108
288,Alexei Ramirez,2016,1.0,3.0,44.0,7.0,90.0,7.0,84.0,25.0,63
289,Aaron Judge,2017,100.0,100.0,100.0,100.0,5.0,100.0,4.0,82.0,174
290,Jose Altuve,2017,54.0,17.0,68.0,15.0,93.0,52.0,83.0,22.0,160
292,Kris Bryant,2017,78.0,30.0,92.0,56.0,58.0,95.0,45.0,69.0,147
293,Mike Trout,2017,93.0,69.0,97.0,74.0,65.0,99.0,78.0,96.0,180
294,Giancarlo Stanton,2017,98.0,98.0,100.0,93.0,24.0,87.0,9.0,69.0,158
295,Joey Votto,2017,72.0,39.0,81.0,36.0,96.0,100.0,91.0,99.0,163
296,Brian Dozier,2017,66.0,47.0,86.0,45.0,53.0,76.0,41.0,59.0,126
297,Anthony Rendon,2017,51.0,87.0,76.0,64.0,87.0,94.0,94.0,96.0,141
298,Nolan Arenado,2017,67.0,69.0,75.0,62.0,75.0,58.0,50.0,44.0,130
299,Tommy Pham,2017,73.0,84.0,85.0,89.0,37.0,91.0,63.0,98.0,149
300,Francisco Lindor,2017,57.0,74.0,85.0,52.0,93.0,47.0,91.0,40.0,116
301,Justin Turner,2017,68.0,82.0,58.0,66.0,100.0,74.0,88.0,87.0,151
302,Marcell Ozuna,2017,73.0,94.0,96.0,93.0,43.0,60.0,27.0,34.0,143
303,Charlie Blackmon,2017,69.0,37.0,80.0,55.0,60.0,56.0,76.0,48.0,142
304,Paul Goldschmidt,2017,93.0,98.0,88.0,96.0,37.0,95.0,31.0,81.0,142
305,Corey Seager,2017,67.0,86.0,81.0,90.0,42.0,74.0,26.0,59.0,127
306,Travis Shaw,2017,60.0,64.0,94.0,73.0,31.0,64.0,62.0,47.0,120
307,Buster Posey,2017,20.0,66.0,72.0,46.0,96.0,71.0,87.0,77.0,128
308,Lorenzo Cain,2017,20.0,74.0,87.0,51.0,76.0,49.0,71.0,56.0,115
309,Andrelton Simmons,2017,11.0,17.0,73.0,16.0,99.0,34.0,96.0,52.0,102
310,Alex Bregman,2017,33.0,42.0,46.0,41.0,76.0,52.0,84.0,71.0,123
311,Mookie Betts,2017,29.0,59.0,85.0,62.0,96.0,72.0,88.0,94.0,107
312,Freddie Freeman,2017,93.0,86.0,68.0,85.0,62.0,87.0,40.0,39.0,149
313,Chris Taylor,2017,64.0,30.0,76.0,40.0,19.0,52.0,38.0,84.0,126
314,Jonathan Schoop,2017,56.0,46.0,98.0,60.0,45.0,10.0,22.0,16.0,120
315,J.T. Realmuto,2017,49.0,51.0,83.0,50.0,62.0,21.0,75.0,42.0,107
316,Marwin Gonzalez,2017,53.0,66.0,74.0,56.0,58.0,61.0,69.0,53.0,144
318,Justin Upton,2017,92.0,69.0,95.0,80.0,10.0,82.0,12.0,72.0,137
319,Anthony Rizzo,2017,73.0,59.0,93.0,70.0,92.0,89.0,78.0,46.0,134
320,George Springer,2017,73.0,77.0,96.0,87.0,67.0,67.0,50.0,83.0,140
321,Byron Buxton,2017,41.0,50.0,81.0,30.0,8.0,35.0,11.0,21.0,92
323,Zack Cozart,2017,28.0,14.0,62.0,16.0,78.0,85.0,86.0,87.0,139
325,Elvis Andrus,2017,27.0,25.0,60.0,25.0,81.0,12.0,73.0,24.0,105
326,Cody Bellinger,2017,90.0,93.0,90.0,94.0,15.0,82.0,7.0,76.0,138
327,Christian Yelich,2017,56.0,92.0,88.0,95.0,55.0,80.0,57.0,79.0,117
328,Ender Inciarte,2017,1.0,2.0,32.0,1.0,91.0,29.0,93.0,8.0,97
330,Jed Lowrie,2017,46.0,74.0,49.0,61.0,76.0,79.0,77.0,85.0,120
331,Josh Reddick,2017,22.0,45.0,77.0,28.0,88.0,45.0,88.0,47.0,127
332,Brett Gardner,2017,22.0,22.0,59.0,24.0,64.0,69.0,90.0,86.0,110
333,Eric Hosmer,2017,56.0,87.0,100.0,73.0,76.0,63.0,60.0,50.0,135
334,Steven Souza Jr.,2017,88.0,69.0,99.0,66.0,9.0,92.0,7.0,88.0,121
335,Daniel Murphy,2017,33.0,84.0,63.0,83.0,92.0,52.0,96.0,28.0,135
336,Andrew McCutchen,2017,63.0,59.0,72.0,69.0,65.0,78.0,62.0,89.0,122
337,Kyle Seager,2017,68.0,55.0,68.0,39.0,70.0,54.0,64.0,76.0,106
338,Ryan Zimmerman,2017,90.0,97.0,92.0,98.0,39.0,39.0,43.0,38.0,137
339,Nelson Cruz,2017,95.0,99.0,99.0,98.0,40.0,74.0,12.0,46.0,146
340,Justin Smoak,2017,94.0,84.0,76.0,87.0,51.0,80.0,48.0,72.0,133
341,Jean Segura,2017,18.0,42.0,68.0,44.0,81.0,19.0,87.0,22.0,111
342,DJ LeMahieu,2017,7.0,79.0,69.0,81.0,91.0,51.0,98.0,83.0,94
343,Whit Merrifield,2017,36.0,42.0,79.0,20.0,85.0,7.0,82.0,19.0,105
344,Xander Bogaerts,2017,3.0,37.0,95.0,22.0,62.0,52.0,66.0,38.0,95
345,Domingo Santana,2017,75.0,77.0,94.0,76.0,8.0,83.0,7.0,69.0,127
347,Logan Morrison,2017,91.0,64.0,96.0,84.0,20.0,91.0,20.0,66.0,131
348,Khris Davis,2017,99.0,98.0,93.0,100.0,6.0,78.0,5.0,86.0,130
349,Todd Frazier,2017,78.0,39.0,74.0,22.0,40.0,96.0,35.0,83.0,109
350,Carlos Santana,2017,61.0,64.0,88.0,66.0,84.0,89.0,74.0,93.0,115
352,Joe Mauer,2017,29.0,92.0,61.0,95.0,87.0,76.0,98.0,95.0,117
354,Tim Beckham,2017,77.0,59.0,76.0,78.0,9.0,22.0,11.0,31.0,109
355,Jake Lamb,2017,73.0,55.0,71.0,55.0,24.0,93.0,46.0,91.0,111
356,Matt Carpenter,2017,65.0,86.0,61.0,58.0,51.0,99.0,73.0,99.0,124
357,Jay Bruce,2017,83.0,59.0,84.0,68.0,33.0,59.0,24.0,36.0,118
358,Adam Duvall,2017,71.0,37.0,80.0,34.0,16.0,19.0,33.0,25.0,96
360,Josh Harrison,2017,13.0,7.0,34.0,7.0,71.0,10.0,60.0,16.0,104
362,Eddie Rosario,2017,60.0,32.0,57.0,29.0,64.0,17.0,43.0,7.0,117
363,Mike Moustakas,2017,68.0,38.0,91.0,38.0,75.0,15.0,64.0,3.0,113
364,Yasiel Puig,2017,75.0,62.0,98.0,60.0,68.0,78.0,40.0,56.0,117
365,Didi Gregorius,2017,21.0,5.0,49.0,3.0,94.0,5.0,58.0,5.0,109
366,Yadier Molina,2017,45.0,47.0,49.0,47.0,87.0,10.0,78.0,15.0,95
367,Ian Kinsler,2017,35.0,20.0,47.0,22.0,85.0,56.0,89.0,66.0,92
368,Manuel Margot,2017,11.0,10.0,73.0,18.0,53.0,25.0,61.0,50.0,90
369,Dee Strange-Gordon,2017,1.0,1.0,38.0,1.0,89.0,2.0,93.0,8.0,94
370,Eric Thames,2017,87.0,51.0,87.0,72.0,7.0,92.0,9.0,75.0,125
371,Joey Gallo,2017,100.0,100.0,99.0,99.0,1.0,94.0,1.0,43.0,119
372,Corey Dickerson,2017,61.0,32.0,91.0,29.0,22.0,13.0,20.0,1.0,116
373,Evan Longoria,2017,37.0,27.0,75.0,32.0,73.0,29.0,64.0,19.0,97
374,Jackie Bradley Jr.,2017,61.0,55.0,79.0,75.0,29.0,54.0,16.0,58.0,89
375,Matt Joyce,2017,70.0,51.0,73.0,42.0,47.0,84.0,40.0,95.0,117
376,Yonder Alonso,2017,79.0,77.0,84.0,80.0,33.0,89.0,32.0,58.0,133
377,Nick Castellanos,2017,85.0,74.0,79.0,84.0,42.0,21.0,27.0,24.0,111
379,Orlando Arcia,2017,24.0,13.0,55.0,13.0,63.0,25.0,35.0,12.0,86
380,Yuli Gurriel,2017,19.0,89.0,96.0,88.0,97.0,4.0,80.0,29.0,118
381,Andrew Benintendi,2017,40.0,39.0,64.0,37.0,69.0,69.0,75.0,64.0,102
382,Joe Panik,2017,11.0,8.0,60.0,7.0,100.0,44.0,99.0,78.0,104
383,Trevor Story,2017,83.0,82.0,76.0,64.0,2.0,52.0,9.0,51.0,82
384,Chase Headley,2017,31.0,32.0,59.0,36.0,33.0,67.0,33.0,69.0,105
385,Max Kepler,2017,25.0,66.0,92.0,58.0,51.0,47.0,55.0,51.0,94
386,Jordy Mercer,2017,17.0,14.0,49.0,32.0,74.0,58.0,89.0,74.0,88
387,Jorge Polanco,2017,11.0,8.0,53.0,11.0,84.0,37.0,93.0,69.0,90
388,Trey Mancini,2017,80.0,64.0,98.0,80.0,24.0,13.0,21.0,25.0,116
389,David Freese,2017,50.0,71.0,77.0,86.0,28.0,80.0,51.0,71.0,100
390,Brandon Crawford,2017,44.0,39.0,64.0,37.0,55.0,35.0,23.0,40.0,86
391,Billy Hamilton,2017,1.0,1.0,36.0,1.0,45.0,31.0,71.0,52.0,65
392,Manny Machado,2017,83.0,97.0,99.0,96.0,70.0,33.0,58.0,35.0,102
393,Curtis Granderson,2017,86.0,45.0,69.0,42.0,27.0,91.0,75.0,93.0,106
394,Freddy Galvis,2017,9.0,20.0,48.0,6.0,70.0,29.0,80.0,21.0,79
395,David Peralta,2017,26.0,49.0,94.0,49.0,72.0,37.0,58.0,40.0,104
396,Wil Myers,2017,72.0,82.0,89.0,91.0,12.0,72.0,34.0,62.0,107
397,Scott Schebler,2017,80.0,74.0,82.0,78.0,25.0,34.0,17.0,16.0,98
398,Yangervis Solarte,2017,24.0,11.0,77.0,13.0,95.0,33.0,86.0,14.0,91
400,Adam Jones,2017,50.0,28.0,81.0,25.0,65.0,4.0,43.0,2.0,106
402,Kevin Pillar,2017,19.0,16.0,86.0,17.0,80.0,10.0,84.0,7.0,86
403,Kole Calhoun,2017,42.0,55.0,76.0,50.0,50.0,74.0,35.0,40.0,97
404,Ben Gamel,2017,26.0,20.0,64.0,18.0,36.0,24.0,64.0,53.0,99
405,Mitch Moreland,2017,89.0,79.0,92.0,55.0,47.0,64.0,34.0,49.0,98
406,Josh Bell,2017,50.0,42.0,88.0,41.0,60.0,69.0,48.0,71.0,108
407,Mark Reynolds,2017,65.0,32.0,87.0,52.0,7.0,81.0,5.0,82.0,105
408,Nick Markakis,2017,18.0,55.0,96.0,45.0,71.0,66.0,89.0,78.0,93
409,Brandon Phillips,2017,9.0,6.0,63.0,10.0,95.0,2.0,69.0,2.0,91
410,Tim Anderson,2017,36.0,12.0,67.0,25.0,14.0,1.0,15.0,2.0,79
411,Alcides Escobar,2017,8.0,4.0,44.0,4.0,72.0,1.0,64.0,9.0,61
412,Shin-Soo Choo,2017,68.0,66.0,74.0,62.0,44.0,84.0,51.0,90.0,102
413,Denard Span,2017,18.0,10.0,64.0,10.0,93.0,35.0,99.0,77.0,102
414,Nomar Mazara,2017,51.0,72.0,93.0,59.0,49.0,54.0,35.0,27.0,87
415,Melky Cabrera,2017,22.0,55.0,93.0,48.0,96.0,12.0,97.0,27.0,98
416,Hunter Pence,2017,44.0,72.0,95.0,60.0,60.0,35.0,27.0,44.0,87
418,Ryon Healy,2017,62.0,55.0,90.0,76.0,25.0,3.0,27.0,14.0,101
419,Maikel Franco,2017,46.0,69.0,92.0,54.0,79.0,25.0,57.0,42.0,76
421,Kendrys Morales,2017,80.0,96.0,92.0,95.0,40.0,32.0,18.0,19.0,98
422,Hanley Ramirez,2017,77.0,62.0,96.0,64.0,45.0,59.0,36.0,44.0,92
423,Chris Davis,2017,91.0,90.0,74.0,93.0,1.0,81.0,3.0,48.0,91
424,Miguel Cabrera,2017,83.0,96.0,84.0,97.0,47.0,67.0,52.0,31.0,92
425,Dansby Swanson,2017,15.0,28.0,58.0,33.0,39.0,71.0,46.0,67.0,63
426,Tommy Joseph,2017,59.0,79.0,90.0,76.0,22.0,21.0,29.0,13.0,84
427,Rougned Odor,2017,46.0,74.0,88.0,56.0,20.0,8.0,32.0,7.0,56
428,Alex Gordon,2017,29.0,20.0,72.0,25.0,27.0,47.0,53.0,62.0,62
431,Mark Trumbo,2017,57.0,87.0,100.0,66.0,22.0,31.0,14.0,25.0,79
432,Albert Pujols,2017,38.0,66.0,88.0,71.0,82.0,15.0,67.0,21.0,77
433,Mookie Betts,2018,96.0,93.0,78.0,96.0,83.0,88.0,90.0,98.0,185
434,Mike Trout,2018,99.0,88.0,99.0,89.0,51.0,100.0,79.0,96.0,188
435,Alex Bregman,2018,56.0,62.0,57.0,64.0,93.0,91.0,98.0,96.0,157
436,Francisco Lindor,2018,69.0,79.0,95.0,70.0,85.0,61.0,83.0,38.0,132
437,Christian Yelich,2018,92.0,96.0,92.0,97.0,50.0,72.0,59.0,67.0,167
439,Manny Machado,2018,85.0,92.0,96.0,93.0,84.0,65.0,64.0,48.0,141
440,Matt Chapman,2018,65.0,98.0,97.0,92.0,31.0,61.0,54.0,85.0,139
441,Nolan Arenado,2018,52.0,68.0,68.0,66.0,67.0,79.0,46.0,33.0,133
442,Lorenzo Cain,2018,15.0,55.0,87.0,66.0,81.0,84.0,82.0,85.0,125
443,J.D. Martinez,2018,98.0,97.0,98.0,100.0,38.0,75.0,25.0,42.0,170
445,Jose Altuve,2018,37.0,23.0,87.0,32.0,90.0,58.0,81.0,33.0,135
446,Anthony Rendon,2018,77.0,81.0,73.0,85.0,87.0,58.0,94.0,74.0,140
447,Yasmani Grandal,2018,87.0,50.0,80.0,66.0,29.0,92.0,27.0,91.0,125
448,Brandon Nimmo,2018,44.0,70.0,79.0,75.0,16.0,94.0,35.0,98.0,148
449,Jed Lowrie,2018,33.0,59.0,59.0,51.0,64.0,84.0,71.0,84.0,124
450,Trea Turner,2018,35.0,55.0,87.0,54.0,69.0,60.0,74.0,77.0,105
451,Mitch Haniger,2018,77.0,75.0,89.0,79.0,44.0,69.0,57.0,80.0,137
452,Whit Merrifield,2018,24.0,17.0,48.0,20.0,78.0,50.0,79.0,45.0,119
453,Trevor Story,2018,92.0,85.0,88.0,89.0,18.0,33.0,45.0,48.0,128
454,J.T. Realmuto,2018,65.0,50.0,73.0,71.0,57.0,33.0,62.0,63.0,127
455,Paul Goldschmidt,2018,93.0,83.0,89.0,83.0,21.0,88.0,35.0,62.0,145
456,Freddie Freeman,2018,69.0,55.0,71.0,63.0,65.0,77.0,49.0,30.0,136
457,Xander Bogaerts,2018,73.0,79.0,84.0,73.0,71.0,63.0,68.0,58.0,133
459,Andrew Benintendi,2018,43.0,45.0,71.0,31.0,78.0,77.0,78.0,71.0,123
460,Andrelton Simmons,2018,20.0,38.0,72.0,42.0,100.0,16.0,95.0,75.0,106
461,Matt Carpenter,2018,94.0,81.0,70.0,85.0,34.0,94.0,50.0,94.0,140
462,Starling Marte,2018,55.0,41.0,84.0,57.0,68.0,16.0,50.0,15.0,112
463,Aaron Hicks,2018,64.0,67.0,73.0,78.0,63.0,97.0,57.0,96.0,129
464,Ozzie Albies,2018,24.0,14.0,73.0,13.0,74.0,13.0,65.0,22.0,100
465,Nick Ahmed,2018,31.0,16.0,47.0,15.0,60.0,31.0,43.0,36.0,85
466,Miguel Andujar,2018,41.0,59.0,76.0,43.0,78.0,4.0,76.0,9.0,129
467,Joey Wendle,2018,9.0,48.0,74.0,40.0,71.0,28.0,70.0,16.0,117
468,David Peralta,2018,58.0,90.0,96.0,90.0,52.0,42.0,54.0,48.0,130
469,Giancarlo Stanton,2018,97.0,99.0,100.0,97.0,6.0,65.0,3.0,46.0,128
470,Jean Segura,2018,17.0,30.0,82.0,25.0,98.0,10.0,98.0,26.0,109
471,Tommy Pham,2018,75.0,97.0,85.0,96.0,26.0,85.0,40.0,94.0,130
472,Travis Shaw,2018,77.0,50.0,95.0,53.0,66.0,90.0,71.0,66.0,119
473,Eduardo Escobar,2018,59.0,10.0,65.0,9.0,54.0,45.0,52.0,10.0,117
474,Scooter Gennett,2018,35.0,24.0,62.0,25.0,58.0,24.0,74.0,8.0,125
475,Michael Brantley,2018,16.0,75.0,64.0,54.0,99.0,40.0,100.0,75.0,125
476,Cody Bellinger,2018,63.0,68.0,89.0,58.0,29.0,80.0,15.0,71.0,120
477,Chris Taylor,2018,59.0,50.0,82.0,54.0,6.0,56.0,7.0,75.0,113
478,Michael Conforto,2018,71.0,37.0,87.0,50.0,23.0,88.0,27.0,72.0,119
479,Anthony Rizzo,2018,44.0,73.0,88.0,68.0,94.0,73.0,86.0,39.0,126
480,Didi Gregorius,2018,24.0,17.0,70.0,18.0,93.0,48.0,77.0,19.0,122
481,Eddie Rosario,2018,59.0,30.0,60.0,34.0,71.0,10.0,56.0,1.0,114
482,Bryce Harper,2018,87.0,85.0,96.0,88.0,27.0,100.0,8.0,65.0,135
483,Stephen Piscotty,2018,71.0,42.0,82.0,55.0,64.0,29.0,39.0,14.0,126
484,Johan Camargo,2018,27.0,33.0,71.0,31.0,50.0,65.0,34.0,23.0,115
485,George Springer,2018,65.0,45.0,96.0,48.0,57.0,72.0,46.0,82.0,119
487,Mallex Smith,2018,4.0,6.0,39.0,4.0,68.0,50.0,38.0,62.0,118
488,Ender Inciarte,2018,4.0,3.0,40.0,1.0,92.0,37.0,91.0,31.0,90
489,Joey Votto,2018,46.0,37.0,56.0,37.0,77.0,99.0,81.0,100.0,130
492,Ketel Marte,2018,27.0,48.0,96.0,46.0,88.0,60.0,88.0,73.0,105
493,Brian Anderson,2018,35.0,75.0,91.0,76.0,60.0,60.0,49.0,77.0,113
494,Khris Davis,2018,100.0,95.0,89.0,93.0,13.0,56.0,5.0,77.0,136
495,Ben Zobrist,2018,12.0,70.0,56.0,55.0,95.0,75.0,92.0,81.0,123
496,Corey Dickerson,2018,39.0,33.0,81.0,26.0,83.0,2.0,65.0,2.0,114
497,Jackie Bradley Jr.,2018,77.0,93.0,87.0,96.0,18.0,50.0,11.0,77.0,90
498,Marcus Semien,2018,23.0,14.0,53.0,25.0,65.0,53.0,71.0,76.0,97
499,Nelson Cruz,2018,94.0,99.0,99.0,98.0,50.0,60.0,11.0,50.0,133
500,Gregory Polanco,2018,70.0,50.0,89.0,50.0,42.0,83.0,52.0,70.0,123
501,Matt Olson,2018,90.0,98.0,91.0,99.0,25.0,75.0,29.0,85.0,119
502,Starlin Castro,2018,48.0,42.0,68.0,42.0,61.0,37.0,60.0,54.0,101
503,Justin Upton,2018,95.0,81.0,96.0,92.0,7.0,72.0,7.0,88.0,121
504,Yadier Molina,2018,34.0,38.0,54.0,32.0,90.0,16.0,85.0,10.0,105
505,Charlie Blackmon,2018,44.0,27.0,76.0,38.0,60.0,49.0,71.0,44.0,117
506,Brandon Crawford,2018,17.0,27.0,65.0,29.0,51.0,48.0,19.0,38.0,93
507,Nick Markakis,2018,13.0,79.0,68.0,72.0,96.0,69.0,99.0,90.0,114
508,Justin Smoak,2018,82.0,63.0,78.0,76.0,15.0,93.0,43.0,80.0,120
509,Rougned Odor,2018,51.0,81.0,88.0,55.0,31.0,44.0,57.0,20.0,95
510,Matt Duffy,2018,3.0,14.0,40.0,10.0,76.0,48.0,85.0,67.0,107
511,Tim Anderson,2018,24.0,6.0,88.0,9.0,26.0,9.0,27.0,8.0,85
512,C.J. Cron,2018,90.0,33.0,95.0,43.0,17.0,24.0,20.0,13.0,124
513,Carlos Santana,2018,48.0,50.0,92.0,58.0,87.0,98.0,77.0,85.0,108
514,Max Kepler,2018,46.0,63.0,89.0,52.0,80.0,85.0,82.0,85.0,98
516,Kyle Schwarber,2018,92.0,84.0,99.0,87.0,10.0,96.0,13.0,81.0,115
517,Joey Gallo,2018,100.0,100.0,99.0,95.0,2.0,87.0,1.0,40.0,108
518,Jurickson Profar,2018,27.0,24.0,86.0,23.0,83.0,56.0,79.0,33.0,107
520,Freddy Galvis,2018,18.0,45.0,45.0,12.0,39.0,29.0,35.0,12.0,85
521,Nick Castellanos,2018,85.0,66.0,76.0,69.0,40.0,33.0,14.0,10.0,129
522,Matt Kemp,2018,84.0,66.0,81.0,58.0,38.0,31.0,17.0,28.0,122
523,Andrew McCutchen,2018,62.0,72.0,79.0,74.0,47.0,92.0,62.0,99.0,121
524,Jeimer Candelario,2018,38.0,20.0,89.0,31.0,18.0,77.0,38.0,64.0,93
525,Rhys Hoskins,2018,86.0,50.0,84.0,60.0,38.0,88.0,65.0,92.0,128
526,Shin-Soo Choo,2018,84.0,60.0,71.0,66.0,33.0,91.0,31.0,81.0,117
527,Mike Moustakas,2018,64.0,63.0,86.0,58.0,77.0,41.0,65.0,15.0,105
528,Marcell Ozuna,2018,72.0,90.0,99.0,87.0,73.0,19.0,49.0,52.0,107
529,Yuli Gurriel,2018,5.0,60.0,58.0,43.0,97.0,3.0,88.0,14.0,107
530,Jonathan Villar,2018,31.0,42.0,79.0,42.0,13.0,44.0,16.0,52.0,95
531,Brett Gardner,2018,10.0,33.0,74.0,27.0,71.0,77.0,95.0,85.0,91
533,DJ LeMahieu,2018,32.0,89.0,68.0,79.0,86.0,23.0,93.0,77.0,87
534,Marwin Gonzalez,2018,47.0,55.0,74.0,71.0,37.0,63.0,46.0,38.0,104
535,Billy Hamilton,2018,1.0,1.0,30.0,1.0,31.0,46.0,52.0,58.0,68
537,Dansby Swanson,2018,20.0,33.0,62.0,33.0,36.0,46.0,40.0,30.0,79
538,Josh Bell,2018,50.0,75.0,98.0,61.0,69.0,88.0,48.0,79.0,111
539,Ian Kinsler,2018,13.0,4.0,46.0,6.0,94.0,38.0,99.0,71.0,86
540,Kevin Pillar,2018,35.0,24.0,80.0,44.0,67.0,1.0,63.0,2.0,88
542,Jason Kipnis,2018,46.0,16.0,55.0,21.0,65.0,67.0,69.0,63.0,91
543,Miguel Rojas,2018,2.0,2.0,49.0,5.0,90.0,7.0,90.0,25.0,79
545,Alex Gordon,2018,47.0,42.0,66.0,63.0,44.0,55.0,52.0,48.0,89
546,Willson Contreras,2018,54.0,38.0,94.0,29.0,41.0,65.0,26.0,29.0,101
548,Brian Dozier,2018,41.0,14.0,40.0,13.0,51.0,83.0,60.0,76.0,90
549,Manuel Margot,2018,14.0,62.0,89.0,46.0,74.0,21.0,69.0,68.0,81
551,Joe Mauer,2018,27.0,88.0,57.0,84.0,79.0,61.0,91.0,93.0,100
552,Nomar Mazara,2018,63.0,78.0,99.0,81.0,45.0,38.0,40.0,25.0,95
553,Justin Bour,2018,77.0,50.0,97.0,58.0,24.0,94.0,31.0,60.0,107
554,Kyle Seager,2018,35.0,68.0,77.0,61.0,42.0,18.0,63.0,54.0,83
555,Derek Dietrich,2018,39.0,26.0,80.0,50.0,19.0,13.0,39.0,27.0,109
556,Evan Longoria,2018,56.0,42.0,76.0,47.0,57.0,6.0,70.0,45.0,86
557,Amed Rosario,2018,18.0,31.0,71.0,25.0,53.0,9.0,36.0,6.0,85
558,Adam Jones,2018,27.0,40.0,60.0,28.0,81.0,2.0,54.0,3.0,98
559,Kole Calhoun,2018,69.0,78.0,70.0,79.0,29.0,63.0,23.0,57.0,77
560,Dee Strange-Gordon,2018,1.0,1.0,39.0,1.0,88.0,1.0,89.0,3.0,75
561,Trey Mancini,2018,88.0,70.0,96.0,77.0,29.0,29.0,27.0,28.0,93
562,Salvador Perez,2018,82.0,89.0,85.0,92.0,56.0,1.0,54.0,1.0,88
563,Yonder Alonso,2018,73.0,31.0,87.0,49.0,46.0,55.0,40.0,33.0,98
564,Tucker Barnhart,2018,16.0,20.0,49.0,16.0,66.0,71.0,74.0,69.0,88
565,Jon Jay,2018,5.0,4.0,40.0,2.0,77.0,14.0,75.0,21.0,86
566,Eric Hosmer,2018,37.0,46.0,86.0,52.0,48.0,58.0,27.0,42.0,95
567,Yangervis Solarte,2018,23.0,20.0,90.0,24.0,85.0,19.0,84.0,6.0,76
568,Ian Desmond,2018,50.0,73.0,84.0,79.0,33.0,50.0,20.0,56.0,82
570,Ryon Healy,2018,51.0,66.0,84.0,72.0,45.0,12.0,40.0,18.0,89
571,Alcides Escobar,2018,6.0,2.0,43.0,3.0,86.0,14.0,71.0,23.0,59
572,Victor Martinez,2018,24.0,31.0,57.0,17.0,99.0,22.0,92.0,26.0,73
573,Chris Davis,2018,77.0,60.0,83.0,65.0,1.0,44.0,3.0,51.0,46
574,Alex Bregman,2019,21.0,53.0,53.0,42.0,95.0,99.0,96.0,99.0,167
575,Cody Bellinger,2019,88.0,83.0,75.0,86.0,78.0,95.0,60.0,82.0,161
576,Mike Trout,2019,98.0,79.0,99.0,80.0,62.0,100.0,82.0,97.0,177
577,Anthony Rendon,2019,83.0,73.0,55.0,88.0,91.0,87.0,98.0,92.0,155
578,Christian Yelich,2019,97.0,98.0,99.0,96.0,60.0,93.0,21.0,54.0,174
579,Rafael Devers,2019,62.0,95.0,96.0,93.0,75.0,27.0,57.0,9.0,132
580,Marcus Semien,2019,56.0,41.0,58.0,43.0,89.0,82.0,85.0,95.0,138
581,Ketel Marte,2019,65.0,66.0,99.0,55.0,89.0,46.0,87.0,48.0,150
582,George Springer,2019,93.0,63.0,94.0,82.0,60.0,86.0,37.0,92.0,155
583,Nolan Arenado,2019,51.0,55.0,70.0,40.0,88.0,60.0,73.0,15.0,130
584,Francisco Lindor,2019,46.0,82.0,91.0,61.0,84.0,29.0,88.0,28.0,118
585,Xander Bogaerts,2019,58.0,76.0,86.0,81.0,73.0,75.0,73.0,58.0,141
586,Trevor Story,2019,58.0,82.0,82.0,86.0,18.0,53.0,37.0,49.0,122
587,J.T. Realmuto,2019,59.0,71.0,88.0,62.0,58.0,29.0,59.0,26.0,107
588,Mookie Betts,2019,71.0,82.0,66.0,89.0,87.0,93.0,96.0,96.0,135
589,DJ LeMahieu,2019,46.0,92.0,77.0,94.0,89.0,29.0,90.0,61.0,136
590,Yasmani Grandal,2019,79.0,76.0,79.0,67.0,43.0,99.0,43.0,90.0,121
592,Juan Soto,2019,87.0,94.0,87.0,90.0,62.0,98.0,57.0,93.0,143
593,Matt Chapman,2019,85.0,96.0,95.0,95.0,45.0,75.0,59.0,83.0,125
595,Josh Donaldson,2019,96.0,97.0,94.0,98.0,35.0,96.0,16.0,82.0,131
596,Jose Altuve,2019,53.0,18.0,66.0,26.0,84.0,35.0,74.0,35.0,137
598,Jeff McNeil,2019,21.0,45.0,51.0,37.0,91.0,22.0,79.0,8.0,144
599,Carlos Santana,2019,67.0,91.0,87.0,83.0,82.0,97.0,76.0,97.0,138
600,Pete Alonso,2019,97.0,76.0,100.0,73.0,18.0,70.0,25.0,29.0,144
601,Nelson Cruz,2019,99.0,99.0,99.0,99.0,27.0,74.0,8.0,61.0,164
602,Tim Anderson,2019,23.0,31.0,56.0,40.0,55.0,1.0,51.0,2.0,128
603,Freddie Freeman,2019,87.0,60.0,84.0,71.0,69.0,89.0,53.0,45.0,137
604,Kris Bryant,2019,65.0,19.0,79.0,24.0,38.0,83.0,21.0,59.0,134
605,Max Muncy,2019,83.0,63.0,71.0,76.0,25.0,96.0,18.0,94.0,133
606,Trea Turner,2019,39.0,73.0,91.0,68.0,64.0,35.0,62.0,45.0,118
608,Austin Meadows,2019,88.0,73.0,97.0,74.0,42.0,56.0,60.0,76.0,144
609,Ozzie Albies,2019,36.0,41.0,76.0,23.0,80.0,36.0,65.0,17.0,116
610,Michael Conforto,2019,83.0,50.0,85.0,49.0,37.0,91.0,31.0,73.0,127
611,J.D. Martinez,2019,83.0,88.0,87.0,92.0,55.0,76.0,34.0,43.0,139
612,Yuli Gurriel,2019,14.0,53.0,75.0,43.0,97.0,19.0,94.0,18.0,131
613,Michael Brantley,2019,26.0,38.0,64.0,39.0,98.0,41.0,99.0,69.0,132
614,Justin Turner,2019,50.0,71.0,55.0,75.0,80.0,57.0,88.0,77.0,131
615,Max Kepler,2019,61.0,60.0,86.0,68.0,76.0,69.0,77.0,56.0,122
616,Matt Olson,2019,94.0,96.0,83.0,98.0,27.0,57.0,24.0,75.0,135
617,Bryce Harper,2019,94.0,92.0,99.0,85.0,20.0,96.0,6.0,36.0,124
618,Bryan Reynolds,2019,37.0,57.0,84.0,65.0,42.0,46.0,38.0,52.0,130
619,Starling Marte,2019,51.0,35.0,81.0,47.0,80.0,4.0,46.0,22.0,118
620,Anthony Rizzo,2019,39.0,45.0,91.0,38.0,88.0,82.0,80.0,28.0,140
621,Corey Seager,2019,43.0,38.0,69.0,44.0,71.0,42.0,41.0,63.0,112
622,Victor Robles,2019,21.0,1.0,74.0,4.0,40.0,16.0,60.0,37.0,92
623,Jorge Soler,2019,98.0,96.0,98.0,97.0,19.0,74.0,9.0,80.0,136
624,Trey Mancini,2019,71.0,71.0,93.0,73.0,54.0,57.0,33.0,29.0,132
626,Gleyber Torres,2019,70.0,46.0,68.0,38.0,50.0,39.0,25.0,33.0,125
627,Brett Gardner,2019,17.0,22.0,69.0,18.0,65.0,62.0,79.0,84.0,115
628,Tommy Pham,2019,50.0,79.0,90.0,84.0,68.0,87.0,77.0,98.0,123
630,Jonathan Villar,2019,39.0,41.0,93.0,39.0,31.0,48.0,28.0,51.0,107
631,Paul DeJong,2019,58.0,14.0,82.0,23.0,41.0,57.0,55.0,52.0,101
632,Nick Ahmed,2019,36.0,22.0,59.0,23.0,71.0,45.0,71.0,54.0,91
633,Jorge Polanco,2019,37.0,25.0,58.0,20.0,77.0,48.0,87.0,65.0,120
634,Whit Merrifield,2019,20.0,15.0,36.0,12.0,74.0,21.0,78.0,34.0,110
635,Kolten Wong,2019,6.0,8.0,55.0,6.0,83.0,50.0,84.0,41.0,109
636,Willy Adames,2019,55.0,34.0,77.0,32.0,19.0,39.0,30.0,76.0,99
637,Hunter Dozier,2019,70.0,83.0,97.0,74.0,25.0,60.0,32.0,64.0,123
638,Josh Bell,2019,88.0,95.0,98.0,89.0,66.0,86.0,45.0,58.0,135
639,Christian Walker,2019,90.0,83.0,86.0,94.0,23.0,77.0,19.0,80.0,111
640,Paul Goldschmidt,2019,79.0,67.0,81.0,70.0,33.0,81.0,38.0,50.0,117
641,David Fletcher,2019,1.0,1.0,35.0,1.0,98.0,46.0,100.0,85.0,96
642,Joc Pederson,2019,71.0,86.0,92.0,76.0,48.0,63.0,57.0,65.0,126
643,Brian Anderson,2019,61.0,63.0,95.0,86.0,45.0,48.0,29.0,29.0,114
644,Mike Moustakas,2019,71.0,57.0,88.0,59.0,76.0,56.0,48.0,31.0,113
645,Eduardo Escobar,2019,41.0,22.0,48.0,17.0,69.0,31.0,49.0,8.0,108
646,Adam Frazier,2019,4.0,15.0,44.0,10.0,95.0,24.0,92.0,62.0,97
647,Danny Santana,2019,66.0,88.0,89.0,76.0,7.0,10.0,11.0,6.0,111
648,Manny Machado,2019,51.0,86.0,87.0,77.0,65.0,65.0,55.0,48.0,109
649,Starlin Castro,2019,33.0,34.0,90.0,41.0,78.0,3.0,83.0,32.0,91
650,Yasiel Puig,2019,64.0,66.0,95.0,49.0,46.0,31.0,23.0,37.0,100
651,Jason Heyward,2019,29.0,38.0,82.0,35.0,69.0,82.0,67.0,55.0,100
652,Nick Castellanos,2019,76.0,41.0,78.0,64.0,49.0,22.0,33.0,6.0,122
653,Rhys Hoskins,2019,68.0,60.0,77.0,47.0,32.0,98.0,63.0,88.0,112
654,Kevin Newman,2019,4.0,5.0,50.0,6.0,97.0,13.0,97.0,21.0,109
655,Freddy Galvis,2019,26.0,38.0,41.0,35.0,31.0,9.0,20.0,8.0,89
656,Charlie Blackmon,2019,54.0,36.0,75.0,56.0,78.0,23.0,80.0,35.0,127
657,Kyle Schwarber,2019,94.0,99.0,99.0,99.0,23.0,82.0,25.0,81.0,119
658,Marcell Ozuna,2019,85.0,91.0,97.0,96.0,57.0,80.0,27.0,56.0,110
659,Kole Calhoun,2019,77.0,57.0,71.0,72.0,23.0,77.0,11.0,70.0,105
660,Hanser Alberto,2019,10.0,3.0,32.0,1.0,99.0,1.0,96.0,1.0,95
661,Ryan Braun,2019,66.0,90.0,82.0,84.0,58.0,25.0,48.0,15.0,117
662,Adam Eaton,2019,15.0,41.0,75.0,25.0,79.0,66.0,86.0,59.0,108
663,Evan Longoria,2019,46.0,60.0,73.0,59.0,43.0,48.0,41.0,37.0,100
664,Jackie Bradley Jr.,2019,67.0,69.0,84.0,82.0,15.0,66.0,8.0,52.0,89
665,Elvis Andrus,2019,13.0,32.0,72.0,27.0,85.0,12.0,81.0,26.0,76
669,Amed Rosario,2019,18.0,55.0,73.0,51.0,68.0,8.0,55.0,10.0,101
670,Dansby Swanson,2019,70.0,63.0,60.0,65.0,39.0,60.0,27.0,76.0,91
671,Jose Iglesias,2019,7.0,2.0,55.0,4.0,91.0,2.0,93.0,1.0,82
673,Jean Segura,2019,12.0,28.0,89.0,18.0,96.0,10.0,95.0,12.0,91
674,Luke Voit,2019,93.0,63.0,87.0,70.0,13.0,94.0,4.0,86.0,126
675,Shin-Soo Choo,2019,60.0,92.0,82.0,95.0,28.0,84.0,17.0,92.0,112
676,Andrew Benintendi,2019,53.0,46.0,55.0,41.0,39.0,63.0,46.0,42.0,100
677,Lorenzo Cain,2019,17.0,57.0,73.0,68.0,75.0,41.0,82.0,72.0,83
678,Mallex Smith,2019,6.0,4.0,41.0,2.0,29.0,34.0,23.0,63.0,74
679,Miguel Rojas,2019,8.0,18.0,65.0,12.0,96.0,21.0,90.0,42.0,90
681,Eddie Rosario,2019,56.0,50.0,62.0,33.0,85.0,2.0,71.0,2.0,104
682,Wilson Ramos,2019,20.0,66.0,77.0,71.0,91.0,46.0,75.0,19.0,106
684,Franmil Reyes,2019,94.0,98.0,96.0,98.0,10.0,50.0,2.0,37.0,111
685,Randal Grichuk,2019,56.0,53.0,87.0,53.0,22.0,14.0,24.0,23.0,90
686,Daniel Vogelbach,2019,74.0,38.0,89.0,42.0,17.0,98.0,33.0,94.0,112
687,Jurickson Profar,2019,35.0,12.0,58.0,16.0,86.0,57.0,77.0,68.0,90
688,Ryan McMahon,2019,62.0,92.0,88.0,92.0,6.0,70.0,10.0,66.0,89
689,Joey Votto,2019,40.0,41.0,67.0,44.0,61.0,88.0,81.0,96.0,98
690,Rougned Odor,2019,92.0,83.0,89.0,85.0,5.0,55.0,17.0,39.0,77
691,Alex Gordon,2019,24.0,36.0,75.0,46.0,81.0,42.0,70.0,64.0,95
692,Josh Reddick,2019,12.0,8.0,55.0,12.0,95.0,24.0,94.0,39.0,92
693,Brandon Crawford,2019,24.0,22.0,47.0,29.0,57.0,62.0,21.0,50.0,73
694,Kevin Pillar,2019,22.0,11.0,82.0,14.0,89.0,1.0,86.0,1.0,84
695,Dexter Fowler,2019,44.0,6.0,77.0,11.0,30.0,90.0,31.0,82.0,103
696,Brandon Belt,2019,59.0,17.0,46.0,33.0,59.0,92.0,66.0,83.0,98
697,Colin Moran,2019,44.0,28.0,71.0,27.0,36.0,19.0,50.0,11.0,93
698,Jason Kipnis,2019,26.0,27.0,50.0,26.0,74.0,36.0,76.0,65.0,86
699,Vladimir Guerrero Jr.,2019,48.0,55.0,100.0,47.0,72.0,54.0,51.0,47.0,106
702,Domingo Santana,2019,85.0,45.0,67.0,68.0,3.0,66.0,13.0,75.0,107
703,Miguel Cabrera,2019,35.0,71.0,79.0,80.0,64.0,52.0,52.0,20.0,97
704,Albert Pujols,2019,30.0,31.0,85.0,36.0,94.0,39.0,85.0,34.0,90
705,Adam Jones,2019,37.0,9.0,61.0,15.0,67.0,18.0,34.0,5.0,87
706,Eric Hosmer,2019,42.0,78.0,94.0,86.0,33.0,19.0,18.0,24.0,92
707,Orlando Arcia,2019,19.0,25.0,70.0,16.0,62.0,39.0,50.0,35.0,61
708,Khris Davis,2019,69.0,69.0,70.0,58.0,14.0,53.0,5.0,61.0,81
709,Trea Turner,2021,39.0,55.0,84.0,77.0,74.0,15.0,65.0,56.0,143
710,Juan Soto,2021,83.0,94.0,98.0,95.0,90.0,100.0,80.0,100.0,164
711,Fernando Tatis Jr.,2021,99.0,98.0,98.0,98.0,13.0,81.0,3.0,41.0,158
712,Bryce Harper,2021,97.0,92.0,97.0,91.0,43.0,99.0,11.0,68.0,170
714,Vladimir Guerrero Jr.,2021,90.0,99.0,99.0,98.0,82.0,87.0,28.0,69.0,166
715,Bryan Reynolds,2021,68.0,51.0,87.0,48.0,70.0,83.0,56.0,68.0,140
716,Carlos Correa,2021,60.0,71.0,97.0,63.0,72.0,84.0,75.0,72.0,133
717,Brandon Crawford,2021,77.0,38.0,68.0,67.0,65.0,67.0,21.0,48.0,140
718,Cedric Mullins,2021,46.0,51.0,67.0,39.0,69.0,47.0,75.0,49.0,136
719,Marcus Semien,2021,63.0,59.0,65.0,52.0,58.0,54.0,72.0,88.0,131
720,Aaron Judge,2021,96.0,100.0,100.0,100.0,25.0,85.0,23.0,76.0,150
721,Nicky Lopez,2021,1.0,12.0,52.0,4.0,96.0,47.0,93.0,69.0,104
722,Tyler O'Neill,2021,97.0,94.0,88.0,93.0,4.0,26.0,4.0,51.0,143
723,Starling Marte,2021,49.0,21.0,87.0,40.0,67.0,40.0,49.0,29.0,132
724,Jose Altuve,2021,29.0,23.0,60.0,23.0,94.0,62.0,92.0,29.0,128
725,Austin Riley,2021,83.0,67.0,92.0,75.0,23.0,36.0,25.0,22.0,136
726,Shohei Ohtani,2021,100.0,97.0,100.0,97.0,7.0,98.0,3.0,54.0,150
727,Matt Olson,2021,82.0,87.0,95.0,87.0,76.0,92.0,64.0,76.0,147
728,Kyle Tucker,2021,78.0,85.0,79.0,83.0,81.0,57.0,78.0,56.0,146
729,Bo Bichette,2021,64.0,85.0,96.0,83.0,61.0,13.0,69.0,3.0,122
730,Paul Goldschmidt,2021,85.0,93.0,84.0,91.0,60.0,65.0,46.0,66.0,136
731,Freddie Freeman,2021,77.0,85.0,90.0,77.0,86.0,87.0,74.0,63.0,136
732,J.T. Realmuto,2021,52.0,55.0,79.0,72.0,31.0,50.0,34.0,26.0,109
733,Max Muncy,2021,92.0,83.0,85.0,78.0,58.0,96.0,62.0,99.0,139
734,Brandon Lowe,2021,88.0,48.0,79.0,65.0,15.0,78.0,7.0,34.0,136
735,Manny Machado,2021,83.0,96.0,100.0,93.0,81.0,63.0,65.0,43.0,123
736,Joey Gallo,2021,98.0,87.0,95.0,75.0,1.0,99.0,1.0,94.0,123
737,Nolan Arenado,2021,32.0,43.0,75.0,31.0,88.0,33.0,86.0,41.0,112
738,Tim Anderson,2021,43.0,55.0,72.0,59.0,48.0,1.0,40.0,4.0,118
739,Rafael Devers,2021,89.0,93.0,93.0,92.0,49.0,57.0,29.0,15.0,133
740,Xander Bogaerts,2021,63.0,55.0,90.0,65.0,68.0,69.0,70.0,23.0,129
743,Justin Turner,2021,45.0,79.0,68.0,60.0,80.0,66.0,88.0,83.0,126
744,Jorge Polanco,2021,65.0,51.0,70.0,30.0,70.0,25.0,81.0,35.0,124
745,Mookie Betts,2021,43.0,72.0,52.0,48.0,84.0,89.0,91.0,96.0,131
746,Randy Arozarena,2021,48.0,64.0,86.0,59.0,11.0,57.0,9.0,68.0,127
747,Jeimer Candelario,2021,56.0,38.0,78.0,37.0,48.0,70.0,61.0,38.0,119
748,Francisco Lindor,2021,48.0,75.0,87.0,71.0,70.0,78.0,63.0,58.0,101
749,Nick Castellanos,2021,70.0,61.0,83.0,79.0,54.0,25.0,14.0,5.0,140
750,Jake Cronenworth,2021,38.0,37.0,76.0,23.0,90.0,45.0,97.0,77.0,117
751,Ozzie Albies,2021,59.0,55.0,80.0,29.0,68.0,23.0,46.0,10.0,108
754,Matt Chapman,2021,86.0,59.0,89.0,54.0,3.0,91.0,8.0,82.0,101
755,Joey Votto,2021,95.0,93.0,92.0,96.0,32.0,97.0,20.0,86.0,140
756,Yordan Alvarez,2021,91.0,97.0,97.0,97.0,29.0,42.0,68.0,58.0,137
757,Pete Alonso,2021,89.0,80.0,99.0,81.0,61.0,59.0,46.0,24.0,131
758,Jean Segura,2021,26.0,16.0,88.0,30.0,91.0,23.0,90.0,31.0,110
759,Jonathan India,2021,61.0,21.0,72.0,36.0,44.0,81.0,43.0,87.0,122
760,Josh Donaldson,2021,95.0,99.0,94.0,95.0,52.0,94.0,30.0,84.0,126
761,Yuli Gurriel,2021,10.0,61.0,60.0,56.0,98.0,63.0,97.0,60.0,133
762,Adam Frazier,2021,2.0,3.0,57.0,2.0,98.0,30.0,98.0,60.0,113
763,Dansby Swanson,2021,76.0,48.0,66.0,63.0,22.0,37.0,16.0,72.0,99
764,Ty France,2021,33.0,35.0,79.0,36.0,78.0,26.0,84.0,32.0,129
765,Kris Bryant,2021,67.0,29.0,74.0,42.0,39.0,71.0,27.0,55.0,124
766,Willy Adames,2021,76.0,53.0,85.0,72.0,11.0,69.0,9.0,51.0,120
767,J.P. Crawford,2021,6.0,8.0,74.0,8.0,77.0,42.0,94.0,87.0,103
768,Myles Straw,2021,3.0,15.0,68.0,3.0,65.0,71.0,97.0,95.0,98
769,Giancarlo Stanton,2021,91.0,99.0,100.0,100.0,16.0,76.0,9.0,46.0,138
770,Tommy Edman,2021,15.0,20.0,87.0,24.0,92.0,10.0,94.0,45.0,89
771,Mark Canha,2021,37.0,19.0,51.0,25.0,55.0,87.0,72.0,92.0,116
773,Chris Taylor,2021,66.0,29.0,76.0,33.0,9.0,73.0,7.0,90.0,113
775,Amed Rosario,2021,8.0,38.0,80.0,68.0,57.0,8.0,48.0,10.0,102
776,J.D. Martinez,2021,81.0,90.0,89.0,90.0,33.0,47.0,22.0,11.0,126
777,Salvador Perez,2021,93.0,94.0,93.0,99.0,22.0,2.0,6.0,1.0,125
778,Hunter Renfroe,2021,88.0,67.0,97.0,71.0,41.0,33.0,40.0,19.0,113
779,Robbie Grossman,2021,42.0,23.0,77.0,19.0,38.0,97.0,72.0,99.0,114
780,Trent Grisham,2021,23.0,38.0,63.0,29.0,42.0,67.0,71.0,97.0,104
781,Whit Merrifield,2021,12.0,13.0,51.0,6.0,90.0,11.0,87.0,41.0,89
782,Eduardo Escobar,2021,55.0,14.0,76.0,20.0,54.0,37.0,56.0,43.0,108
783,Ryan McMahon,2021,38.0,73.0,80.0,68.0,26.0,65.0,22.0,70.0,93
784,Jared Walsh,2021,75.0,55.0,94.0,52.0,20.0,40.0,39.0,20.0,126
785,Dylan Carlson,2021,35.0,29.0,59.0,9.0,27.0,55.0,27.0,74.0,111
786,C.J. Cron,2021,77.0,38.0,94.0,56.0,50.0,77.0,32.0,24.0,125
789,Adam Duvall,2021,92.0,61.0,91.0,70.0,4.0,15.0,21.0,11.0,101
790,Josh Harrison,2021,16.0,16.0,54.0,15.0,94.0,11.0,85.0,6.0,104
791,Kyle Seager,2021,80.0,43.0,78.0,42.0,31.0,50.0,18.0,38.0,98
792,Josh Bell,2021,53.0,92.0,97.0,93.0,73.0,81.0,55.0,75.0,119
793,Trevor Story,2021,64.0,74.0,78.0,62.0,35.0,50.0,32.0,27.0,98
794,Anthony Rizzo,2021,43.0,67.0,95.0,49.0,87.0,52.0,75.0,36.0,114
795,Jonathan Schoop,2021,33.0,28.0,98.0,43.0,62.0,10.0,48.0,8.0,105
796,Mitch Haniger,2021,82.0,48.0,71.0,73.0,28.0,35.0,17.0,38.0,120
797,Michael Brantley,2021,26.0,53.0,63.0,64.0,99.0,18.0,99.0,72.0,121
798,Mike Yastrzemski,2021,67.0,53.0,63.0,38.0,27.0,61.0,53.0,81.0,106
799,Kyle Farmer,2021,15.0,16.0,50.0,13.0,70.0,2.0,80.0,8.0,91
800,DJ LeMahieu,2021,12.0,74.0,75.0,68.0,91.0,73.0,96.0,93.0,101
801,Nathaniel Lowe,2021,61.0,77.0,91.0,74.0,25.0,90.0,61.0,82.0,114
802,Jonathan Villar,2021,39.0,26.0,94.0,23.0,19.0,54.0,16.0,46.0,103
803,Nelson Cruz,2021,85.0,93.0,99.0,94.0,48.0,47.0,14.0,23.0,123
804,Alex Verdugo,2021,38.0,66.0,76.0,67.0,81.0,42.0,88.0,56.0,106
805,Miguel Rojas,2021,8.0,7.0,63.0,15.0,92.0,23.0,82.0,58.0,93
806,Michael A. Taylor,2021,32.0,51.0,80.0,43.0,15.0,15.0,13.0,27.0,75
807,Austin Hays,2021,58.0,38.0,73.0,37.0,58.0,8.0,49.0,35.0,106
808,Josh Rojas,2021,18.0,29.0,35.0,9.0,26.0,71.0,59.0,88.0,103
809,Jazz Chisholm Jr.,2021,56.0,71.0,84.0,56.0,10.0,19.0,17.0,23.0,94
810,Jose Iglesias,2021,10.0,3.0,72.0,6.0,88.0,1.0,84.0,1.0,89
811,Lourdes Gurriel Jr.,2021,61.0,59.0,76.0,65.0,66.0,13.0,53.0,10.0,107
813,Isiah Kiner-Falefa,2021,3.0,4.0,52.0,6.0,95.0,1.0,95.0,26.0,84
814,Elvis Andrus,2021,4.0,23.0,68.0,22.0,87.0,12.0,82.0,18.0,73
815,Andrew McCutchen,2021,56.0,38.0,76.0,39.0,39.0,97.0,40.0,94.0,108
816,Austin Meadows,2021,53.0,48.0,73.0,32.0,55.0,66.0,52.0,66.0,112
817,Ian Happ,2021,72.0,53.0,84.0,52.0,9.0,83.0,10.0,79.0,105
818,David Peralta,2021,19.0,48.0,91.0,55.0,74.0,45.0,73.0,53.0,95
820,Andrew Benintendi,2021,55.0,55.0,50.0,66.0,72.0,19.0,68.0,31.0,104
821,Gleyber Torres,2021,43.0,15.0,82.0,26.0,58.0,62.0,38.0,83.0,96
823,Nick Solak,2021,31.0,13.0,75.0,18.0,52.0,19.0,48.0,32.0,88
824,Tommy Pham,2021,65.0,77.0,87.0,84.0,41.0,95.0,59.0,98.0,103
826,Trey Mancini,2021,68.0,42.0,91.0,56.0,37.0,41.0,19.0,24.0,105
827,Eric Hosmer,2021,26.0,73.0,85.0,79.0,74.0,43.0,66.0,19.0,104
828,Jed Lowrie,2021,59.0,75.0,70.0,76.0,52.0,61.0,53.0,89.0,101
829,Ryan Mountcastle,2021,79.0,45.0,93.0,41.0,14.0,25.0,12.0,3.0,111
830,David Fletcher,2021,1.0,1.0,52.0,1.0,100.0,4.0,100.0,39.0,69
831,Pavin Smith,2021,20.0,16.0,76.0,63.0,63.0,33.0,90.0,75.0,98
832,Randal Grichuk,2021,51.0,61.0,91.0,49.0,52.0,5.0,63.0,15.0,85
833,Raimel Tapia,2021,4.0,5.0,70.0,11.0,96.0,30.0,95.0,12.0,75
834,Jorge Soler,2021,82.0,83.0,99.0,79.0,34.0,78.0,22.0,81.0,100
836,Charlie Blackmon,2021,35.0,21.0,68.0,35.0,84.0,57.0,79.0,58.0,93
837,Kevin Newman,2021,3.0,3.0,63.0,3.0,100.0,4.0,99.0,55.0,52
838,Miguel Cabrera,2021,49.0,85.0,86.0,88.0,43.0,32.0,42.0,29.0,92
839,Carlos Santana,2021,33.0,64.0,79.0,55.0,85.0,92.0,69.0,84.0,81
840,Hunter Dozier,2021,53.0,64.0,88.0,58.0,10.0,36.0,10.0,34.0,80
841,Aaron Judge,2022,100.0,100.0,99.0,100.0,25.0,99.0,18.0,84.0,206
842,Nolan Arenado,2022,53.0,46.0,77.0,45.0,97.0,51.0,84.0,26.0,149
843,Manny Machado,2022,66.0,89.0,85.0,91.0,53.0,70.0,47.0,38.0,152
844,Jose Altuve,2022,49.0,6.0,60.0,5.0,90.0,83.0,91.0,56.0,164
845,Paul Goldschmidt,2022,82.0,82.0,84.0,86.0,45.0,92.0,37.0,72.0,175
846,Freddie Freeman,2022,68.0,88.0,84.0,88.0,90.0,90.0,81.0,62.0,157
847,J.T. Realmuto,2022,80.0,75.0,67.0,85.0,49.0,39.0,42.0,35.0,129
848,Dansby Swanson,2022,76.0,73.0,57.0,82.0,20.0,36.0,15.0,66.0,117
849,Yordan Alvarez,2022,100.0,100.0,99.0,100.0,63.0,96.0,57.0,74.0,185
850,Trea Turner,2022,48.0,48.0,86.0,60.0,68.0,25.0,39.0,22.0,128
851,Francisco Lindor,2022,54.0,55.0,70.0,58.0,64.0,51.0,60.0,45.0,124
853,Mookie Betts,2022,65.0,78.0,48.0,76.0,81.0,55.0,90.0,85.0,144
855,Xander Bogaerts,2022,37.0,35.0,89.0,47.0,65.0,59.0,49.0,51.0,133
856,Austin Riley,2022,96.0,96.0,98.0,95.0,30.0,49.0,31.0,42.0,144
858,Jeff McNeil,2022,7.0,13.0,62.0,7.0,99.0,32.0,91.0,51.0,140
859,Brandon Nimmo,2022,44.0,57.0,80.0,48.0,76.0,78.0,80.0,91.0,132
860,Alex Bregman,2022,46.0,48.0,51.0,36.0,96.0,94.0,94.0,99.0,137
861,Tommy Edman,2022,33.0,42.0,88.0,36.0,73.0,39.0,76.0,39.0,106
862,Sean Murphy,2022,73.0,43.0,94.0,59.0,55.0,63.0,55.0,49.0,121
863,Rafael Devers,2022,82.0,98.0,93.0,96.0,67.0,48.0,25.0,11.0,140
864,Kyle Tucker,2022,70.0,69.0,75.0,63.0,85.0,67.0,78.0,67.0,130
865,Bo Bichette,2022,64.0,91.0,85.0,94.0,42.0,19.0,59.0,14.0,129
866,Steven Kwan,2022,1.0,3.0,29.0,1.0,100.0,67.0,100.0,96.0,125
867,Carlos Correa,2022,81.0,67.0,96.0,74.0,54.0,76.0,65.0,64.0,139
868,Willy Adames,2022,90.0,48.0,69.0,70.0,16.0,47.0,25.0,45.0,109
869,Marcus Semien,2022,41.0,18.0,63.0,22.0,79.0,39.0,76.0,74.0,107
870,Will Smith,2022,72.0,67.0,48.0,67.0,79.0,67.0,83.0,90.0,127
872,Alejandro Kirk,2022,40.0,78.0,63.0,78.0,98.0,88.0,94.0,80.0,129
873,Corey Seager,2022,73.0,86.0,75.0,78.0,85.0,57.0,38.0,39.0,117
874,Daulton Varsho,2022,70.0,25.0,66.0,25.0,27.0,46.0,45.0,39.0,106
875,Nico Hoerner,2022,7.0,16.0,59.0,15.0,98.0,14.0,97.0,18.0,108
876,George Springer,2022,56.0,43.0,92.0,63.0,76.0,65.0,25.0,70.0,133
878,Christian Walker,2022,82.0,69.0,86.0,72.0,58.0,76.0,50.0,82.0,122
879,Matt Chapman,2022,88.0,93.0,87.0,97.0,14.0,84.0,22.0,98.0,118
880,Pete Alonso,2022,86.0,66.0,98.0,75.0,65.0,70.0,53.0,19.0,141
882,Juan Soto,2022,86.0,85.0,91.0,86.0,90.0,100.0,82.0,100.0,146
883,Taylor Ward,2022,86.0,69.0,86.0,66.0,48.0,79.0,63.0,93.0,136
884,Ian Happ,2022,37.0,65.0,94.0,52.0,37.0,59.0,33.0,65.0,122
885,Cedric Mullins,2022,24.0,46.0,54.0,33.0,64.0,36.0,63.0,45.0,107
886,Shohei Ohtani,2022,98.0,97.0,100.0,93.0,30.0,81.0,27.0,57.0,142
887,Jake Cronenworth,2022,29.0,24.0,45.0,18.0,61.0,76.0,88.0,88.0,109
889,Starling Marte,2022,41.0,12.0,91.0,17.0,61.0,12.0,52.0,24.0,133
890,Elvis Andrus,2022,18.0,31.0,61.0,22.0,83.0,32.0,69.0,49.0,104
891,Vladimir Guerrero Jr.,2022,79.0,96.0,99.0,94.0,81.0,49.0,52.0,39.0,132
894,Nathaniel Lowe,2022,68.0,73.0,89.0,75.0,41.0,41.0,47.0,51.0,143
895,Brandon Drury,2022,72.0,51.0,85.0,62.0,42.0,31.0,67.0,42.0,123
896,Matt Olson,2022,93.0,97.0,98.0,96.0,29.0,80.0,22.0,57.0,121
897,Ryan McMahon,2022,72.0,90.0,93.0,83.0,18.0,75.0,25.0,71.0,97
898,DJ LeMahieu,2022,27.0,53.0,71.0,57.0,93.0,92.0,92.0,75.0,115
899,Amed Rosario,2022,18.0,39.0,71.0,41.0,79.0,2.0,74.0,4.0,104
900,Ke'Bryan Hayes,2022,13.0,85.0,89.0,84.0,44.0,55.0,75.0,63.0,86
902,Bryan Reynolds,2022,50.0,73.0,91.0,66.0,40.0,61.0,29.0,32.0,123
903,Thairo Estrada,2022,15.0,8.0,53.0,9.0,80.0,21.0,78.0,27.0,106
904,Jorge Mateo,2022,31.0,12.0,75.0,13.0,13.0,12.0,12.0,10.0,83
905,Luis Arraez,2022,11.0,48.0,31.0,7.0,100.0,51.0,100.0,78.0,130
906,Randy Arozarena,2022,50.0,67.0,95.0,56.0,30.0,37.0,22.0,36.0,124
907,Ty France,2022,27.0,24.0,67.0,30.0,86.0,17.0,83.0,29.0,127
908,Gio Urshela,2022,44.0,48.0,66.0,34.0,74.0,41.0,69.0,12.0,118
909,Gleyber Torres,2022,75.0,76.0,75.0,77.0,41.0,32.0,33.0,60.0,114
910,Anthony Rizzo,2022,76.0,57.0,91.0,55.0,69.0,79.0,60.0,47.0,131
911,Mark Canha,2022,24.0,25.0,40.0,29.0,71.0,58.0,63.0,76.0,126
912,Josh Rojas,2022,18.0,46.0,50.0,27.0,61.0,81.0,63.0,96.0,109
913,Jurickson Profar,2022,14.0,22.0,54.0,19.0,84.0,85.0,86.0,79.0,110
914,Hunter Renfroe,2022,76.0,78.0,86.0,70.0,37.0,43.0,35.0,30.0,124
915,Rhys Hoskins,2022,78.0,72.0,83.0,73.0,25.0,80.0,42.0,81.0,123
917,Justin Turner,2022,52.0,61.0,47.0,54.0,78.0,66.0,78.0,65.0,123
918,Anthony Santander,2022,82.0,72.0,81.0,68.0,63.0,53.0,67.0,27.0,121
919,Bobby Witt Jr.,2022,59.0,65.0,93.0,43.0,47.0,10.0,46.0,16.0,98
920,Kyle Schwarber,2022,99.0,99.0,96.0,99.0,8.0,94.0,20.0,87.0,129
921,Christian Yelich,2022,53.0,89.0,99.0,90.0,31.0,94.0,46.0,81.0,111
922,J.P. Crawford,2022,4.0,3.0,53.0,5.0,93.0,86.0,96.0,94.0,105
923,Josh Bell,2022,45.0,48.0,83.0,55.0,83.0,93.0,66.0,73.0,124
924,Andrew Benintendi,2022,25.0,53.0,60.0,43.0,88.0,74.0,75.0,84.0,121
925,Max Muncy,2022,91.0,75.0,74.0,78.0,25.0,99.0,40.0,100.0,106
927,Eduardo Escobar,2022,61.0,38.0,78.0,34.0,33.0,41.0,30.0,17.0,104
928,Brendan Rodgers,2022,45.0,69.0,83.0,80.0,74.0,47.0,61.0,62.0,94
929,Ketel Marte,2022,32.0,72.0,96.0,61.0,70.0,72.0,75.0,59.0,102
930,Austin Hays,2022,26.0,25.0,48.0,35.0,58.0,18.0,57.0,11.0,106
931,Ryan Mountcastle,2022,94.0,88.0,81.0,82.0,24.0,37.0,18.0,8.0,107
932,Luis Rengifo,2022,27.0,13.0,53.0,16.0,85.0,1.0,67.0,15.0,102
933,Trent Grisham,2022,53.0,38.0,73.0,25.0,11.0,83.0,40.0,93.0,83
934,Josh Donaldson,2022,66.0,81.0,79.0,68.0,15.0,72.0,8.0,50.0,96
935,Seth Brown,2022,90.0,53.0,88.0,59.0,19.0,63.0,19.0,52.0,115
936,Kyle Farmer,2022,15.0,6.0,26.0,16.0,77.0,17.0,82.0,10.0,92
937,Mike Yastrzemski,2022,78.0,67.0,59.0,65.0,24.0,83.0,61.0,85.0,99
938,Cody Bellinger,2022,54.0,57.0,31.0,39.0,14.0,35.0,33.0,31.0,83
939,Isiah Kiner-Falefa,2022,1.0,8.0,60.0,7.0,92.0,29.0,99.0,37.0,84
940,Myles Straw,2022,1.0,14.0,18.0,3.0,89.0,61.0,99.0,97.0,65
941,J.D. Martinez,2022,87.0,51.0,78.0,60.0,29.0,57.0,17.0,29.0,119
942,C.J. Cron,2022,76.0,43.0,97.0,63.0,20.0,32.0,52.0,21.0,103
943,Alec Bohm,2022,41.0,73.0,71.0,67.0,74.0,11.0,72.0,33.0,98
944,Lane Thomas,2022,37.0,10.0,63.0,20.0,31.0,43.0,72.0,67.0,98
945,Tony Kemp,2022,2.0,1.0,11.0,1.0,94.0,48.0,98.0,49.0,90
946,Wilmer Flores,2022,35.0,29.0,43.0,24.0,77.0,70.0,85.0,65.0,103
947,Whit Merrifield,2022,14.0,16.0,35.0,9.0,85.0,35.0,82.0,45.0,87
948,Adam Frazier,2022,2.0,3.0,19.0,2.0,95.0,43.0,95.0,54.0,82
949,Jonathan Schoop,2022,20.0,14.0,78.0,43.0,50.0,2.0,25.0,10.0,57
950,Patrick Wisdom,2022,93.0,81.0,86.0,82.0,1.0,72.0,3.0,66.0,106
951,Alex Verdugo,2022,31.0,51.0,73.0,39.0,92.0,27.0,93.0,73.0,102
952,Miguel Rojas,2022,3.0,7.0,50.0,3.0,95.0,12.0,92.0,41.0,68
953,Rowdy Tellez,2022,88.0,86.0,98.0,80.0,55.0,77.0,56.0,63.0,110
954,Trey Mancini,2022,66.0,61.0,80.0,52.0,40.0,59.0,33.0,42.0,105
955,Carlos Santana,2022,60.0,81.0,75.0,76.0,74.0,97.0,71.0,87.0,102
956,Jesse Winker,2022,48.0,25.0,62.0,19.0,64.0,98.0,80.0,99.0,110
957,Tommy Pham,2022,50.0,93.0,86.0,89.0,17.0,59.0,41.0,88.0,90
958,Andrew McCutchen,2022,57.0,51.0,69.0,50.0,47.0,70.0,53.0,92.0,98
960,Randal Grichuk,2022,41.0,69.0,78.0,70.0,34.0,9.0,49.0,25.0,89
962,Luke Voit,2022,94.0,66.0,75.0,73.0,4.0,67.0,1.0,39.0,103
963,Charlie Blackmon,2022,15.0,8.0,56.0,8.0,63.0,16.0,69.0,29.0,91
964,Nick Castellanos,2022,39.0,22.0,63.0,23.0,36.0,14.0,10.0,6.0,95
965,Marcell Ozuna,2022,90.0,57.0,94.0,72.0,31.0,21.0,22.0,20.0,90
966,Nelson Cruz,2022,60.0,84.0,93.0,81.0,35.0,67.0,11.0,34.0,87
967,Andrew Vaughn,2022,50.0,82.0,82.0,90.0,75.0,17.0,74.0,24.0,113
968,MJ Melendez,2022,72.0,81.0,71.0,69.0,27.0,92.0,29.0,78.0,97
970,Yuli Gurriel,2022,3.0,37.0,57.0,25.0,94.0,12.0,96.0,15.0,85
972,Freddie Freeman,2023,72.0,63.0,63.0,58.0,83.0,68.0,76.0,61.0,161
973,Mookie Betts,2023,82.0,94.0,59.0,86.0,88.0,93.0,92.0,99.0,165
974,Shohei Ohtani,2023,100.0,99.0,99.0,97.0,35.0,98.0,12.0,40.0,180
975,Matt Olson,2023,96.0,99.0,99.0,99.0,40.0,95.0,30.0,69.0,162
976,Marcus Semien,2023,30.0,32.0,41.0,26.0,91.0,64.0,90.0,88.0,128
977,Corey Seager,2023,92.0,96.0,93.0,96.0,84.0,58.0,50.0,51.0,173
978,Juan Soto,2023,85.0,96.0,96.0,99.0,74.0,100.0,75.0,99.0,154
979,Bobby Witt Jr.,2023,76.0,74.0,89.0,73.0,79.0,16.0,64.0,35.0,116
980,William Contreras,2023,58.0,81.0,90.0,87.0,60.0,74.0,35.0,75.0,126
982,Adley Rutschman,2023,39.0,32.0,69.0,35.0,90.0,91.0,94.0,81.0,126
983,Francisco Lindor,2023,67.0,79.0,80.0,65.0,62.0,64.0,64.0,59.0,120
984,Corbin Carroll,2023,40.0,63.0,89.0,51.0,66.0,54.0,71.0,53.0,133
985,Austin Riley,2023,89.0,93.0,97.0,89.0,34.0,47.0,36.0,57.0,128
987,Kyle Tucker,2023,68.0,68.0,59.0,75.0,94.0,85.0,86.0,86.0,139
988,Luis Robert Jr.,2023,93.0,44.0,88.0,58.0,14.0,7.0,10.0,3.0,129
989,J.P. Crawford,2023,16.0,29.0,59.0,21.0,65.0,96.0,86.0,95.0,136
990,Dansby Swanson,2023,70.0,50.0,46.0,42.0,34.0,74.0,28.0,80.0,105
992,Gunnar Henderson,2023,75.0,91.0,89.0,95.0,28.0,57.0,42.0,64.0,122
994,Xander Bogaerts,2023,27.0,19.0,71.0,18.0,84.0,49.0,76.0,74.0,119
995,Nico Hoerner,2023,2.0,10.0,48.0,16.0,96.0,35.0,99.0,36.0,103
996,Cody Bellinger,2023,27.0,22.0,48.0,10.0,87.0,36.0,77.0,33.0,135
997,Alex Bregman,2023,21.0,36.0,31.0,33.0,96.0,89.0,98.0,95.0,125
998,Ketel Marte,2023,46.0,77.0,98.0,60.0,82.0,80.0,75.0,76.0,126
999,Cal Raleigh,2023,83.0,55.0,88.0,51.0,19.0,61.0,23.0,30.0,114
1000,Isaac Paredes,2023,26.0,13.0,33.0,6.0,74.0,72.0,89.0,48.0,136
1001,Brandon Nimmo,2023,59.0,87.0,78.0,83.0,55.0,80.0,68.0,91.0,129
1003,Ozzie Albies,2023,48.0,37.0,65.0,37.0,85.0,33.0,74.0,14.0,125
1004,TJ Friedl,2023,7.0,11.0,29.0,5.0,85.0,52.0,87.0,76.0,117
1005,Trea Turner,2023,50.0,60.0,66.0,58.0,53.0,24.0,25.0,12.0,107
1006,Bryson Stott,2023,14.0,25.0,35.0,19.0,87.0,19.0,95.0,41.0,100
1007,Fernando Tatis Jr.,2023,70.0,89.0,87.0,90.0,49.0,47.0,20.0,26.0,111
1008,Christian Walker,2023,75.0,23.0,92.0,47.0,67.0,61.0,42.0,68.0,120
1009,Bo Bichette,2023,60.0,68.0,87.0,70.0,69.0,4.0,73.0,10.0,124
1010,Michael Harris II,2023,63.0,75.0,90.0,86.0,71.0,4.0,55.0,6.0,116
1011,James Outman,2023,72.0,22.0,71.0,44.0,6.0,86.0,2.0,73.0,117
1012,Christian Yelich,2023,58.0,86.0,87.0,93.0,49.0,87.0,40.0,75.0,123
1013,Will Smith,2023,32.0,50.0,66.0,53.0,86.0,83.0,82.0,74.0,117
1015,Gleyber Torres,2023,44.0,58.0,80.0,47.0,91.0,70.0,70.0,70.0,122
1016,Bryce Harper,2023,92.0,87.0,97.0,81.0,52.0,96.0,10.0,21.0,141
1017,Rafael Devers,2023,84.0,95.0,95.0,98.0,67.0,61.0,45.0,25.0,126
1018,Thairo Estrada,2023,16.0,4.0,63.0,17.0,44.0,3.0,72.0,7.0,100
1020,Luis Arraez,2023,9.0,29.0,11.0,3.0,100.0,15.0,100.0,28.0,131
1021,Paul Goldschmidt,2023,78.0,81.0,75.0,93.0,37.0,89.0,38.0,64.0,122
1022,Manny Machado,2023,68.0,77.0,93.0,75.0,76.0,47.0,59.0,42.0,113
1023,Willy Adames,2023,82.0,16.0,55.0,23.0,26.0,82.0,18.0,28.0,95
1024,Ian Happ,2023,55.0,60.0,82.0,37.0,51.0,95.0,47.0,83.0,118
1025,Marcell Ozuna,2023,98.0,87.0,96.0,88.0,44.0,64.0,41.0,40.0,140
1026,Jeimer Candelario,2023,44.0,29.0,71.0,22.0,51.0,59.0,56.0,48.0,118
1027,Ke'Bryan Hayes,2023,39.0,93.0,85.0,85.0,63.0,10.0,72.0,35.0,101
1028,Seiya Suzuki,2023,68.0,83.0,94.0,84.0,47.0,71.0,72.0,91.0,127
1029,Randy Arozarena,2023,82.0,86.0,92.0,85.0,35.0,87.0,26.0,55.0,125
1030,Lars Nootbaar,2023,53.0,44.0,79.0,30.0,64.0,95.0,86.0,98.0,118
1031,Steven Kwan,2023,1.0,5.0,16.0,1.0,98.0,65.0,100.0,88.0,99
1032,Lane Thomas,2023,60.0,35.0,71.0,50.0,26.0,10.0,63.0,59.0,109
1033,Matt Chapman,2023,98.0,98.0,92.0,100.0,16.0,78.0,18.0,94.0,109
1034,Pete Alonso,2023,91.0,55.0,97.0,46.0,42.0,68.0,43.0,56.0,120
1035,Josh Jung,2023,77.0,87.0,58.0,82.0,14.0,16.0,24.0,24.0,114
1036,Nathaniel Lowe,2023,30.0,59.0,70.0,53.0,43.0,90.0,74.0,89.0,118
1037,Brandon Drury,2023,70.0,60.0,81.0,77.0,25.0,5.0,21.0,15.0,115
1038,Jack Suwinski,2023,94.0,72.0,94.0,64.0,5.0,94.0,22.0,96.0,112
1039,Nolan Arenado,2023,38.0,39.0,61.0,32.0,84.0,28.0,77.0,18.0,107
1040,Austin Hays,2023,54.0,52.0,67.0,46.0,30.0,28.0,30.0,33.0,111
1042,Max Muncy,2023,90.0,79.0,69.0,80.0,24.0,96.0,25.0,81.0,117
1043,Anthony Santander,2023,65.0,73.0,84.0,77.0,40.0,49.0,61.0,17.0,118
1044,Leody Taveras,2023,38.0,65.0,79.0,63.0,56.0,23.0,56.0,49.0,101
1045,Orlando Arcia,2023,35.0,28.0,50.0,52.0,69.0,37.0,56.0,66.0,100
1046,Jeff McNeil,2023,2.0,5.0,45.0,5.0,99.0,18.0,98.0,39.0,99
1047,Tommy Edman,2023,18.0,44.0,70.0,37.0,86.0,26.0,93.0,45.0,92
1048,Jake Burger,2023,98.0,89.0,99.0,91.0,21.0,17.0,8.0,5.0,121
1049,CJ Abrams,2023,35.0,16.0,81.0,20.0,67.0,9.0,65.0,14.0,91
1050,J.D. Davis,2023,60.0,77.0,71.0,72.0,19.0,61.0,9.0,64.0,103
1051,Maikel Garcia,2023,10.0,87.0,58.0,93.0,47.0,37.0,82.0,89.0,85
1052,Brent Rooker,2023,93.0,85.0,82.0,91.0,4.0,60.0,1.0,57.0,126
1053,Bryan Reynolds,2023,72.0,75.0,82.0,82.0,54.0,47.0,33.0,70.0,110
1054,Spencer Steer,2023,32.0,37.0,63.0,26.0,59.0,72.0,58.0,78.0,118
1055,Lourdes Gurriel Jr.,2023,50.0,58.0,44.0,77.0,79.0,13.0,84.0,37.0,105
1056,J.T. Realmuto,2023,74.0,59.0,63.0,64.0,28.0,24.0,43.0,35.0,101
1057,Jorge Soler,2023,91.0,81.0,94.0,84.0,33.0,83.0,37.0,72.0,126
1059,George Springer,2023,42.0,29.0,97.0,44.0,73.0,54.0,67.0,82.0,103
1060,Daulton Varsho,2023,38.0,20.0,81.0,21.0,40.0,39.0,53.0,51.0,84
1061,Anthony Volpe,2023,55.0,37.0,42.0,61.0,19.0,54.0,33.0,44.0,83
1062,Triston Casas,2023,86.0,77.0,86.0,80.0,29.0,93.0,34.0,86.0,131
1063,LaMonte Wade Jr.,2023,56.0,32.0,73.0,43.0,73.0,96.0,74.0,96.0,120
1064,Ryan McMahon,2023,75.0,75.0,86.0,68.0,7.0,79.0,12.0,72.0,90
1065,Mark Canha,2023,14.0,22.0,50.0,24.0,87.0,65.0,88.0,78.0,111
1066,Matt Vierling,2023,13.0,44.0,84.0,60.0,56.0,47.0,83.0,46.0,99
1067,Carlos Correa,2023,60.0,71.0,91.0,75.0,44.0,72.0,49.0,62.0,94
1068,Ezequiel Tovar,2023,47.0,23.0,55.0,21.0,23.0,2.0,17.0,2.0,72
1069,Trent Grisham,2023,77.0,69.0,79.0,45.0,20.0,92.0,32.0,86.0,89
1070,Jonathan India,2023,42.0,55.0,71.0,35.0,60.0,67.0,68.0,93.0,100
1071,Carlos Santana,2023,32.0,39.0,75.0,22.0,82.0,76.0,68.0,78.0,101
1072,Alex Verdugo,2023,18.0,49.0,80.0,29.0,88.0,38.0,94.0,85.0,100
1073,Alec Bohm,2023,23.0,52.0,49.0,55.0,88.0,32.0,89.0,39.0,104
1074,Nick Castellanos,2023,66.0,40.0,70.0,63.0,21.0,12.0,5.0,2.0,108
1075,Spencer Torkelson,2023,89.0,87.0,83.0,94.0,30.0,67.0,53.0,80.0,106
1076,Eddie Rosario,2023,59.0,36.0,62.0,19.0,36.0,26.0,23.0,2.0,101
1077,DJ LeMahieu,2023,26.0,57.0,70.0,61.0,49.0,78.0,81.0,82.0,100
1078,Ty France,2023,34.0,18.0,83.0,35.0,77.0,24.0,69.0,22.0,106
1079,Justin Turner,2023,23.0,55.0,37.0,37.0,77.0,44.0,92.0,71.0,116
1080,Vladimir Guerrero Jr.,2023,72.0,91.0,98.0,89.0,90.0,67.0,63.0,43.0,117
1081,Whit Merrifield,2023,3.0,1.0,21.0,2.0,81.0,19.0,82.0,25.0,92
1082,Zach McKinstry,2023,40.0,14.0,37.0,16.0,52.0,52.0,75.0,60.0,81
1083,Kyle Schwarber,2023,96.0,94.0,96.0,88.0,12.0,99.0,16.0,86.0,118
1084,Jake Cronenworth,2023,12.0,16.0,38.0,15.0,72.0,54.0,93.0,66.0,91
1085,Masataka Yoshida,2023,31.0,42.0,79.0,49.0,93.0,17.0,88.0,57.0,111
1087,Josh Bell,2023,64.0,65.0,90.0,61.0,53.0,72.0,46.0,54.0,104
1088,Andrew Vaughn,2023,50.0,73.0,75.0,79.0,58.0,17.0,58.0,29.0,103
1089,MJ Melendez,2023,75.0,96.0,86.0,91.0,18.0,74.0,7.0,61.0,93
1090,Hunter Renfroe,2023,27.0,29.0,86.0,39.0,43.0,42.0,42.0,21.0,93
1091,Amed Rosario,2023,8.0,29.0,63.0,40.0,74.0,10.0,63.0,5.0,87
1092,Myles Straw,2023,1.0,7.0,22.0,2.0,71.0,44.0,98.0,78.0,68
1094,Dominic Smith,2023,31.0,7.0,37.0,9.0,88.0,42.0,79.0,37.0,91
1095,Tim Anderson,2023,5.0,20.0,52.0,40.0,38.0,7.0,47.0,12.0,61
1096,Joey Meneses,2023,21.0,52.0,66.0,55.0,63.0,16.0,60.0,30.0,96
1097,Bryan De La Cruz,2023,53.0,60.0,67.0,59.0,44.0,24.0,28.0,17.0,91
1098,Salvador Perez,2023,53.0,65.0,85.0,67.0,38.0,1.0,21.0,1.0,87
1099,Andrew Benintendi,2023,5.0,10.0,46.0,4.0,91.0,49.0,84.0,63.0,88
1100,Keibert Ruiz,2023,25.0,16.0,59.0,12.0,99.0,12.0,97.0,9.0,93
1102,Tyler Stephenson,2023,40.0,52.0,69.0,65.0,25.0,58.0,30.0,77.0,85
1104,Jurickson Profar,2023,10.0,9.0,43.0,12.0,80.0,64.0,79.0,74.0,78
1105,Aaron Judge,2024,100.0,100.0,99.0,100.0,35.0,100.0,15.0,97.0,220
1106,Bobby Witt Jr.,2024,92.0,94.0,98.0,88.0,88.0,51.0,65.0,25.0,169
1107,Shohei Ohtani,2024,100.0,100.0,100.0,100.0,44.0,85.0,19.0,61.0,180
1108,Juan Soto,2024,99.0,98.0,97.0,99.0,79.0,100.0,68.0,98.0,181
1109,Gunnar Henderson,2024,76.0,94.0,87.0,97.0,45.0,80.0,50.0,84.0,154
1110,Francisco Lindor,2024,90.0,77.0,85.0,83.0,69.0,52.0,54.0,64.0,137
1111,Jarren Duran,2024,63.0,76.0,91.0,68.0,48.0,40.0,47.0,51.0,131
1112,Elly De La Cruz,2024,86.0,88.0,94.0,76.0,6.0,72.0,8.0,60.0,119
1114,Ketel Marte,2024,84.0,98.0,99.0,96.0,72.0,85.0,69.0,66.0,152
1115,William Contreras,2024,68.0,94.0,100.0,91.0,57.0,90.0,32.0,69.0,132
1116,Matt Chapman,2024,86.0,96.0,93.0,88.0,34.0,72.0,55.0,78.0,121
1117,Cal Raleigh,2024,96.0,78.0,91.0,86.0,14.0,85.0,13.0,22.0,118
1118,Vladimir Guerrero Jr.,2024,91.0,98.0,99.0,97.0,93.0,76.0,68.0,56.0,164
1119,Jackson Merrill,2024,78.0,70.0,79.0,68.0,78.0,8.0,73.0,14.0,130
1120,Yordan Alvarez,2024,92.0,95.0,99.0,93.0,88.0,82.0,77.0,34.0,167
1121,Brent Rooker,2024,97.0,89.0,89.0,92.0,10.0,69.0,5.0,30.0,164
1122,Bryce Harper,2024,73.0,80.0,91.0,87.0,46.0,94.0,38.0,19.0,144
1123,Willy Adames,2024,81.0,40.0,84.0,52.0,28.0,80.0,21.0,51.0,120
1124,Marcell Ozuna,2024,96.0,91.0,95.0,96.0,30.0,80.0,12.0,62.0,154
1125,Corey Seager,2024,95.0,91.0,88.0,94.0,72.0,72.0,56.0,55.0,142
1126,Mookie Betts,2024,29.0,64.0,53.0,44.0,98.0,92.0,94.0,93.0,140
1127,Jurickson Profar,2024,43.0,80.0,64.0,71.0,88.0,89.0,90.0,90.0,139
1128,Corbin Carroll,2024,43.0,55.0,77.0,54.0,68.0,79.0,74.0,74.0,107
1129,Marcus Semien,2024,36.0,19.0,82.0,22.0,91.0,61.0,75.0,72.0,101
1130,Rafael Devers,2024,88.0,96.0,94.0,95.0,33.0,85.0,14.0,35.0,136
1131,Steven Kwan,2024,4.0,9.0,19.0,1.0,99.0,70.0,100.0,96.0,131
1132,Alex Bregman,2024,34.0,51.0,48.0,51.0,94.0,32.0,98.0,82.0,117
1133,Dansby Swanson,2024,62.0,56.0,58.0,64.0,35.0,62.0,27.0,78.0,97
1134,Freddie Freeman,2024,60.0,56.0,84.0,61.0,84.0,94.0,75.0,61.0,136
1135,Jazz Chisholm Jr.,2024,66.0,60.0,62.0,57.0,33.0,56.0,22.0,45.0,111
1137,Riley Greene,2024,90.0,84.0,92.0,83.0,20.0,83.0,37.0,85.0,134
1138,Trea Turner,2024,40.0,51.0,66.0,52.0,72.0,10.0,41.0,16.0,123
1139,Jackson Chourio,2024,50.0,60.0,79.0,73.0,53.0,31.0,35.0,26.0,118
1140,Jose Altuve,2024,35.0,11.0,39.0,11.0,74.0,32.0,66.0,6.0,127
1141,Nico Hoerner,2024,1.0,5.0,62.0,7.0,99.0,32.0,99.0,27.0,102
1143,Colton Cowser,2024,90.0,73.0,90.0,77.0,7.0,64.0,16.0,74.0,119
1144,Ezequiel Tovar,2024,60.0,44.0,66.0,46.0,10.0,2.0,8.0,1.0,94
1145,Ian Happ,2024,79.0,76.0,92.0,74.0,26.0,94.0,31.0,84.0,121
1146,Oneil Cruz,2024,97.0,99.0,100.0,97.0,8.0,56.0,5.0,27.0,110
1147,Brenton Doyle,2024,72.0,52.0,62.0,58.0,27.0,45.0,19.0,39.0,97
1148,Masyn Winn,2024,10.0,14.0,73.0,14.0,76.0,26.0,82.0,35.0,104
1149,Seiya Suzuki,2024,78.0,87.0,96.0,91.0,18.0,80.0,50.0,94.0,137
1150,Manny Machado,2024,75.0,93.0,97.0,90.0,66.0,36.0,50.0,42.0,122
1151,Zach Neto,2024,55.0,38.0,76.0,42.0,39.0,26.0,35.0,29.0,115
1152,Anthony Volpe,2024,12.0,22.0,43.0,23.0,41.0,20.0,62.0,45.0,87
1154,Alec Bohm,2024,39.0,70.0,70.0,76.0,92.0,28.0,86.0,58.0,113
1155,Isaac Paredes,2024,15.0,3.0,30.0,6.0,81.0,93.0,88.0,62.0,116
1156,Kyle Schwarber,2024,96.0,97.0,97.0,98.0,13.0,99.0,11.0,93.0,134
1157,Salvador Perez,2024,83.0,80.0,88.0,72.0,62.0,30.0,32.0,1.0,117
1158,Anthony Santander,2024,79.0,62.0,93.0,60.0,66.0,60.0,77.0,16.0,128
1159,JJ Bleday,2024,54.0,38.0,88.0,26.0,65.0,77.0,41.0,75.0,120
1160,Brendan Donovan,2024,24.0,43.0,43.0,37.0,97.0,38.0,94.0,80.0,115
1161,Joey Ortiz,2024,16.0,23.0,77.0,41.0,59.0,83.0,89.0,75.0,105
1162,Nolan Arenado,2024,6.0,9.0,31.0,12.0,92.0,32.0,88.0,39.0,103
1163,Christian Walker,2024,90.0,82.0,91.0,86.0,36.0,73.0,44.0,77.0,120
1164,Tyler Stephenson,2024,60.0,68.0,72.0,68.0,40.0,64.0,62.0,80.0,113
1165,Wyatt Langford,2024,63.0,59.0,81.0,67.0,57.0,64.0,60.0,86.0,111
1166,Daulton Varsho,2024,31.0,7.0,63.0,18.0,20.0,67.0,36.0,67.0,99
1167,Yainer Diaz,2024,48.0,68.0,76.0,85.0,74.0,5.0,54.0,2.0,116
1169,Nathaniel Lowe,2024,28.0,46.0,80.0,48.0,45.0,97.0,72.0,82.0,123
1170,Jonathan India,2024,49.0,17.0,70.0,28.0,64.0,97.0,81.0,98.0,109
1171,Carlos Santana,2024,44.0,52.0,90.0,46.0,79.0,82.0,57.0,83.0,113
1172,Josh Smith,2024,10.0,23.0,35.0,33.0,58.0,47.0,68.0,67.0,112
1173,Willi Castro,2024,41.0,19.0,84.0,30.0,38.0,51.0,25.0,27.0,106
1174,Taylor Ward,2024,88.0,77.0,53.0,63.0,32.0,68.0,44.0,94.0,112
1175,Brandon Nimmo,2024,60.0,89.0,77.0,83.0,37.0,91.0,56.0,78.0,108
1177,Adley Rutschman,2024,30.0,29.0,52.0,28.0,83.0,62.0,89.0,47.0,103
1179,Jacob Young,2024,1.0,6.0,24.0,8.0,64.0,17.0,80.0,55.0,84
1180,Matt Olson,2024,84.0,85.0,91.0,83.0,30.0,77.0,39.0,48.0,117
1181,Will Smith,2024,74.0,56.0,48.0,62.0,66.0,67.0,71.0,64.0,109
1182,Brice Turang,2024,3.0,14.0,33.0,9.0,78.0,52.0,97.0,48.0,88
1183,Heliot Ramos,2024,92.0,85.0,80.0,85.0,23.0,36.0,27.0,40.0,120
1184,Josh Naylor,2024,55.0,64.0,71.0,54.0,80.0,64.0,64.0,25.0,118
1185,Matt Vierling,2024,46.0,62.0,74.0,54.0,50.0,38.0,78.0,89.0,107
1186,Bryan Reynolds,2024,66.0,64.0,79.0,75.0,42.0,54.0,22.0,37.0,118
1187,Michael Busch,2024,76.0,64.0,52.0,46.0,12.0,85.0,28.0,84.0,118
1188,Pete Alonso,2024,89.0,62.0,98.0,80.0,30.0,75.0,48.0,67.0,121
1189,Lourdes Gurriel Jr.,2024,37.0,34.0,66.0,48.0,70.0,12.0,75.0,22.0,108
1190,Cody Bellinger,2024,32.0,23.0,50.0,15.0,85.0,49.0,65.0,23.0,108
1191,Jake Cronenworth,2024,50.0,40.0,71.0,29.0,72.0,64.0,89.0,85.0,105
1192,Logan O'Hoppe,2024,81.0,70.0,79.0,79.0,8.0,23.0,7.0,16.0,102
1193,Shea Langeliers,2024,87.0,84.0,90.0,69.0,19.0,46.0,23.0,32.0,109
1194,Randy Arozarena,2024,54.0,70.0,82.0,68.0,23.0,88.0,20.0,77.0,114
1196,CJ Abrams,2024,40.0,29.0,60.0,52.0,50.0,28.0,48.0,11.0,106
1197,Ryan McMahon,2024,74.0,91.0,87.0,93.0,12.0,79.0,18.0,62.0,88
1198,Jake Meyers,2024,39.0,29.0,60.0,32.0,40.0,31.0,36.0,29.0,85
1199,Gleyber Torres,2024,32.0,40.0,74.0,23.0,57.0,70.0,60.0,92.0,105
1200,Bryson Stott,2024,10.0,14.0,58.0,10.0,82.0,64.0,90.0,50.0,87
1201,Colt Keith,2024,25.0,23.0,53.0,22.0,62.0,26.0,58.0,40.0,95
1203,Spencer Steer,2024,34.0,26.0,35.0,46.0,55.0,83.0,59.0,75.0,98
1204,Vinnie Pasquantino,2024,42.0,78.0,83.0,80.0,96.0,38.0,96.0,32.0,109
1205,Sal Frelick,2024,1.0,1.0,24.0,1.0,90.0,42.0,98.0,68.0,87
1206,Jesse Winker,2024,48.0,40.0,50.0,35.0,55.0,96.0,78.0,96.0,118
1207,Jake Burger,2024,84.0,84.0,96.0,81.0,25.0,14.0,16.0,8.0,107
1208,Ryan Mountcastle,2024,58.0,76.0,89.0,74.0,42.0,13.0,45.0,4.0,107
1209,Lane Thomas,2024,45.0,44.0,72.0,51.0,25.0,55.0,57.0,87.0,99
1210,Zack Gelof,2024,58.0,52.0,48.0,34.0,1.0,32.0,2.0,42.0,82
1211,Justin Turner,2024,16.0,16.0,25.0,14.0,74.0,82.0,90.0,72.0,116
1212,Paul Goldschmidt,2024,73.0,82.0,76.0,92.0,21.0,38.0,34.0,43.0,100
1213,Leody Taveras,2024,28.0,49.0,62.0,24.0,52.0,49.0,40.0,46.0,84
1214,Maikel Garcia,2024,10.0,70.0,42.0,65.0,81.0,30.0,92.0,92.0,71
1215,Jorge Soler,2024,86.0,73.0,96.0,70.0,32.0,92.0,26.0,61.0,120
1216,Luis Arraez,2024,1.0,9.0,39.0,1.0,100.0,3.0,100.0,11.0,109
1217,George Springer,2024,63.0,20.0,66.0,35.0,69.0,70.0,44.0,82.0,94
1218,Ceddanne Rafaela,2024,46.0,12.0,38.0,31.0,22.0,1.0,9.0,1.0,81
1219,Brendan Rodgers,2024,25.0,55.0,73.0,70.0,33.0,17.0,43.0,46.0,87
1220,Orlando Arcia,2024,23.0,29.0,33.0,39.0,50.0,31.0,38.0,56.0,72
1221,Alec Burleson,2024,35.0,60.0,72.0,60.0,96.0,19.0,81.0,14.0,106
1222,Nolan Schanuel,2024,9.0,7.0,20.0,4.0,78.0,87.0,96.0,91.0,105
1223,Alex Verdugo,2024,25.0,32.0,67.0,21.0,88.0,49.0,93.0,70.0,85
1224,Andrew McCutchen,2024,81.0,38.0,58.0,31.0,26.0,88.0,26.0,100.0,106
1225,Nick Castellanos,2024,52.0,34.0,87.0,40.0,53.0,22.0,16.0,5.0,104
1226,Rhys Hoskins,2024,86.0,43.0,55.0,63.0,10.0,76.0,39.0,71.0,101
1227,Josh Bell,2024,48.0,46.0,74.0,49.0,61.0,56.0,37.0,56.0,101
1228,Andrew Vaughn,2024,63.0,70.0,83.0,67.0,50.0,20.0,66.0,21.0,97
1229,Andrew Benintendi,2024,32.0,26.0,54.0,19.0,69.0,49.0,70.0,72.0,93
1231,Ty France,2024,44.0,43.0,73.0,48.0,50.0,36.0,53.0,60.0,93
1232,Christopher Morel,2024,69.0,52.0,76.0,50.0,24.0,73.0,5.0,65.0,81
1233,Bryan De La Cruz,2024,63.0,59.0,65.0,58.0,18.0,7.0,16.0,22.0,78
1234,Aaron Judge,2025,100.0,100.0,99.0,99.0,36.0,100.0,2.0,84.0,204
1235,Cal Raleigh,2025,99.0,79.0,93.0,85.0,14.0,95.0,10.0,25.0,161
1236,Bobby Witt Jr.,2025,78.0,95.0,98.0,81.0,68.0,35.0,54.0,32.0,130
1237,Shohei Ohtani,2025,100.0,99.0,100.0,100.0,22.0,97.0,4.0,62.0,172
1238,Geraldo Perdomo,2025,25.0,16.0,34.0,11.0,95.0,93.0,98.0,96.0,138
1239,Trea Turner,2025,22.0,39.0,73.0,44.0,78.0,30.0,46.0,30.0,125
1240,Corbin Carroll,2025,90.0,89.0,96.0,87.0,35.0,74.0,46.0,26.0,139
1242,Francisco Lindor,2025,47.0,61.0,83.0,54.0,70.0,58.0,73.0,57.0,129
1243,Fernando Tatis Jr.,2025,66.0,95.0,86.0,93.0,66.0,90.0,32.0,73.0,131
1244,Juan Soto,2025,97.0,98.0,94.0,97.0,62.0,100.0,65.0,100.0,156
1247,Maikel Garcia,2025,21.0,79.0,57.0,59.0,93.0,62.0,92.0,91.0,121
1248,Pete Crow-Armstrong,2025,82.0,43.0,85.0,42.0,33.0,4.0,23.0,2.0,109
1249,George Springer,2025,94.0,50.0,90.0,78.0,65.0,86.0,37.0,94.0,166
1250,Byron Buxton,2025,96.0,92.0,90.0,96.0,11.0,42.0,11.0,40.0,136
1251,Kyle Schwarber,2025,99.0,98.0,98.0,100.0,11.0,97.0,5.0,90.0,152
1252,Cody Bellinger,2025,36.0,24.0,56.0,26.0,91.0,54.0,84.0,36.0,125
1253,Gunnar Henderson,2025,46.0,89.0,89.0,84.0,51.0,64.0,43.0,50.0,120
1254,Nico Hoerner,2025,6.0,9.0,32.0,8.0,99.0,22.0,99.0,20.0,109
1255,Matt Olson,2025,89.0,95.0,90.0,95.0,30.0,89.0,36.0,70.0,136
1256,Alejandro Kirk,2025,59.0,75.0,76.0,91.0,95.0,64.0,83.0,42.0,116
1257,Ketel Marte,2025,83.0,66.0,100.0,73.0,85.0,84.0,63.0,72.0,145
1258,Junior Caminero,2025,87.0,92.0,97.0,92.0,64.0,26.0,47.0,22.0,129
1259,Kyle Tucker,2025,65.0,53.0,39.0,38.0,85.0,96.0,76.0,98.0,136
1260,Jazz Chisholm Jr.,2025,91.0,35.0,78.0,49.0,8.0,78.0,7.0,59.0,126
1261,Brice Turang,2025,41.0,75.0,68.0,76.0,40.0,71.0,72.0,78.0,124
1262,Elly De La Cruz,2025,60.0,72.0,98.0,54.0,20.0,67.0,9.0,46.0,109
1263,Wyatt Langford,2025,87.0,82.0,84.0,81.0,16.0,90.0,35.0,80.0,118
1264,Andy Pages,2025,45.0,28.0,61.0,24.0,48.0,6.0,68.0,18.0,113
1265,Willy Adames,2025,79.0,33.0,56.0,48.0,18.0,84.0,21.0,57.0,108
1266,Freddie Freeman,2025,63.0,69.0,90.0,62.0,53.0,67.0,30.0,46.0,139
1267,Shea Langeliers,2025,69.0,69.0,92.0,58.0,57.0,32.0,43.0,22.0,132
1268,Vladimir Guerrero Jr.,2025,76.0,88.0,100.0,90.0,90.0,87.0,68.0,90.0,137
1269,Jarren Duran,2025,56.0,87.0,99.0,71.0,30.0,53.0,20.0,30.0,111
1270,Bo Bichette,2025,41.0,72.0,79.0,83.0,86.0,28.0,83.0,12.0,134
1272,Manny Machado,2025,81.0,93.0,93.0,92.0,61.0,48.0,37.0,37.0,123
1273,Ceddanne Rafaela,2025,52.0,24.0,77.0,29.0,56.0,7.0,34.0,2.0,91
1274,Matt Chapman,2025,59.0,90.0,86.0,78.0,36.0,94.0,42.0,94.0,118
1275,Pete Alonso,2025,98.0,97.0,96.0,96.0,40.0,53.0,40.0,52.0,141
1276,Sal Frelick,2025,8.0,5.0,43.0,4.0,92.0,46.0,96.0,60.0,114
1277,William Contreras,2025,28.0,75.0,90.0,81.0,68.0,90.0,51.0,67.0,113
1278,Michael Busch,2025,95.0,90.0,75.0,76.0,38.0,64.0,43.0,82.0,140
1279,Bryce Harper,2025,77.0,79.0,88.0,77.0,52.0,88.0,13.0,11.0,131
1280,Jacob Wilson,2025,6.0,1.0,36.0,2.0,100.0,13.0,99.0,22.0,121
1281,Masyn Winn,2025,16.0,24.0,54.0,16.0,64.0,26.0,79.0,63.0,91
1282,Hunter Goodman,2025,80.0,66.0,97.0,72.0,17.0,18.0,8.0,8.0,118
1283,Tyler Soderstrom,2025,70.0,84.0,90.0,86.0,44.0,56.0,41.0,45.0,125
1284,Mookie Betts,2025,20.0,38.0,35.0,19.0,98.0,61.0,90.0,89.0,104
1285,Rafael Devers,2025,94.0,97.0,92.0,97.0,17.0,98.0,10.0,66.0,135
1286,James Wood,2025,94.0,98.0,99.0,98.0,2.0,89.0,5.0,74.0,127
1287,Dansby Swanson,2025,74.0,61.0,46.0,80.0,19.0,38.0,14.0,67.0,99
1288,Trent Grisham,2025,89.0,75.0,51.0,66.0,36.0,96.0,62.0,99.0,129
1289,Zach McKinstry,2025,24.0,5.0,39.0,9.0,47.0,59.0,62.0,60.0,114
1290,Xander Bogaerts,2025,32.0,35.0,78.0,33.0,76.0,54.0,70.0,79.0,104
1291,Ernie Clement,2025,6.0,8.0,41.0,2.0,97.0,6.0,94.0,9.0,98
1292,Steven Kwan,2025,4.0,7.0,11.0,1.0,99.0,46.0,100.0,83.0,99
1293,Josh Naylor,2025,30.0,38.0,99.0,43.0,91.0,46.0,66.0,7.0,128
1294,Zach Neto,2025,87.0,72.0,70.0,69.0,12.0,22.0,22.0,35.0,116
1295,CJ Abrams,2025,37.0,29.0,82.0,33.0,57.0,20.0,49.0,20.0,107
1296,Bryson Stott,2025,19.0,16.0,62.0,8.0,80.0,67.0,88.0,81.0,100
1297,Ben Rice,2025,92.0,95.0,86.0,97.0,65.0,63.0,71.0,91.0,133
1298,Ryan O'Hearn,2025,37.0,42.0,47.0,46.0,56.0,76.0,59.0,55.0,127
1299,Brandon Nimmo,2025,47.0,88.0,79.0,88.0,48.0,44.0,55.0,74.0,114
1300,Trevor Story,2025,58.0,82.0,73.0,73.0,12.0,10.0,20.0,12.0,101
1302,Riley Greene,2025,95.0,48.0,94.0,61.0,4.0,34.0,12.0,29.0,121
1303,Taylor Ward,2025,84.0,53.0,66.0,47.0,16.0,82.0,55.0,92.0,117
1304,Brendan Donovan,2025,47.0,46.0,49.0,40.0,92.0,50.0,95.0,69.0,119
1305,Jackson Chourio,2025,56.0,39.0,87.0,45.0,53.0,12.0,38.0,8.0,111
1306,Randy Arozarena,2025,72.0,79.0,79.0,90.0,12.0,59.0,17.0,67.0,120
1307,Jake Cronenworth,2025,25.0,26.0,43.0,32.0,52.0,94.0,82.0,86.0,117
1308,TJ Friedl,2025,7.0,10.0,27.0,12.0,77.0,86.0,87.0,98.0,109
1309,Willson Contreras,2025,86.0,63.0,93.0,83.0,24.0,44.0,23.0,35.0,124
1310,Ian Happ,2025,63.0,50.0,76.0,54.0,40.0,93.0,48.0,91.0,116
1311,J.P. Crawford,2025,16.0,12.0,55.0,16.0,66.0,82.0,76.0,88.0,113
1312,Jorge Polanco,2025,62.0,66.0,75.0,63.0,83.0,48.0,59.0,54.0,132
1313,Seiya Suzuki,2025,95.0,79.0,97.0,82.0,24.0,78.0,54.0,93.0,123
1314,Gleyber Torres,2025,42.0,50.0,64.0,32.0,81.0,95.0,80.0,100.0,113
1315,Carlos Correa,2025,30.0,61.0,81.0,64.0,61.0,44.0,65.0,44.0,106
1316,Caleb Durbin,2025,12.0,4.0,41.0,4.0,98.0,21.0,96.0,72.0,105
1317,Xavier Edwards,2025,1.0,10.0,42.0,7.0,88.0,46.0,98.0,55.0,95
1318,Brent Rooker,2025,84.0,64.0,85.0,58.0,46.0,62.0,12.0,60.0,122
1319,Christian Yelich,2025,62.0,55.0,86.0,66.0,20.0,71.0,21.0,65.0,121
1320,Jung Hoo Lee,2025,10.0,10.0,24.0,11.0,95.0,42.0,95.0,84.0,107
1321,Spencer Torkelson,2025,83.0,55.0,60.0,59.0,19.0,81.0,33.0,84.0,118
1322,Mike Yastrzemski,2025,46.0,66.0,46.0,47.0,61.0,90.0,81.0,87.0,106
1323,Otto Lopez,2025,34.0,26.0,68.0,26.0,90.0,39.0,81.0,40.0,86
1324,Addison Barger,2025,70.0,86.0,97.0,91.0,32.0,36.0,37.0,30.0,107
1325,Alec Burleson,2025,54.0,72.0,67.0,49.0,86.0,35.0,85.0,44.0,124
1326,Jose Altuve,2025,25.0,4.0,61.0,10.0,78.0,51.0,74.0,5.0,113
1327,J.T. Realmuto,2025,47.0,50.0,59.0,61.0,38.0,28.0,50.0,22.0,94
1328,Marcus Semien,2025,30.0,24.0,54.0,17.0,74.0,63.0,63.0,80.0,89
1329,Lawrence Butler,2025,52.0,61.0,87.0,54.0,7.0,63.0,5.0,62.0,96
1330,Ryan McMahon,2025,76.0,95.0,87.0,89.0,2.0,87.0,2.0,69.0,86
1331,Mike Trout,2025,93.0,69.0,95.0,85.0,2.0,98.0,16.0,92.0,120
1332,Josh Smith,2025,18.0,12.0,34.0,10.0,72.0,70.0,79.0,65.0,100
1333,Brandon Lowe,2025,81.0,75.0,81.0,69.0,12.0,32.0,4.0,22.0,114
1334,Alec Bohm,2025,25.0,66.0,49.0,66.0,80.0,20.0,93.0,60.0,105
1335,Josh Jung,2025,42.0,39.0,68.0,70.0,24.0,14.0,41.0,18.0,91
1336,Yainer Diaz,2025,55.0,48.0,72.0,45.0,77.0,2.0,58.0,1.0,92
1337,Oneil Cruz,2025,97.0,100.0,100.0,98.0,2.0,86.0,3.0,48.0,86
1338,Vinnie Pasquantino,2025,65.0,69.0,92.0,57.0,83.0,36.0,84.0,34.0,116
1339,Nolan Schanuel,2025,13.0,16.0,51.0,6.0,93.0,74.0,92.0,76.0,109
1340,Lenyn Sosa,2025,63.0,64.0,72.0,52.0,39.0,1.0,57.0,3.0,100
1341,Michael Harris II,2025,51.0,55.0,90.0,50.0,56.0,1.0,49.0,1.0,83
1342,Matt McLain,2025,38.0,30.0,52.0,39.0,6.0,64.0,25.0,60.0,77
1343,Ke'Bryan Hayes,2025,13.0,39.0,50.0,46.0,60.0,26.0,77.0,54.0,65
1344,Joey Ortiz,2025,8.0,3.0,51.0,13.0,86.0,14.0,90.0,17.0,67
1345,Gavin Sheets,2025,54.0,48.0,74.0,68.0,58.0,48.0,61.0,27.0,111
1346,Miguel Vargas,2025,54.0,46.0,63.0,38.0,72.0,70.0,75.0,89.0,101
1347,Ozzie Albies,2025,17.0,16.0,52.0,10.0,88.0,50.0,73.0,17.0,87
1348,Chase Meidroth,2025,2.0,23.0,23.0,20.0,88.0,58.0,96.0,84.0,87
1349,Jo Adell,2025,96.0,86.0,96.0,87.0,16.0,20.0,25.0,20.0,112
1350,Kyle Manzardo,2025,74.0,58.0,70.0,52.0,23.0,59.0,28.0,52.0,113
1351,Marcell Ozuna,2025,70.0,48.0,77.0,56.0,30.0,98.0,40.0,85.0,114
1352,Jackson Holliday,2025,40.0,30.0,49.0,40.0,48.0,53.0,48.0,85.0,96
1353,Heliot Ramos,2025,47.0,87.0,97.0,76.0,41.0,40.0,42.0,38.0,106
1354,Bryan Reynolds,2025,59.0,78.0,86.0,64.0,14.0,54.0,19.0,62.0,99
1355,Christian Walker,2025,81.0,69.0,85.0,65.0,9.0,26.0,14.0,48.0,99
1356,Spencer Steer,2025,37.0,14.0,35.0,14.0,41.0,59.0,44.0,71.0,97
1357,Anthony Volpe,2025,64.0,39.0,60.0,43.0,24.0,36.0,43.0,76.0,83
1358,Jordan Beck,2025,55.0,14.0,88.0,28.0,5.0,38.0,12.0,52.0,90
1359,Luis Arraez,2025,1.0,6.0,29.0,1.0,100.0,10.0,100.0,15.0,104
1360,Paul Goldschmidt,2025,41.0,59.0,68.0,51.0,66.0,30.0,76.0,54.0,103
1361,Lourdes Gurriel Jr.,2025,34.0,18.0,43.0,26.0,90.0,18.0,76.0,14.0,95
1362,Lars Nootbaar,2025,60.0,79.0,84.0,87.0,53.0,80.0,73.0,87.0,96
1366,Salvador Perez,2025,91.0,50.0,93.0,70.0,60.0,3.0,33.0,2.0,95
1367,Brenton Doyle,2025,65.0,48.0,70.0,56.0,22.0,16.0,17.0,35.0,65
1368,Gavin Lux,2025,10.0,24.0,19.0,23.0,41.0,81.0,68.0,96.0,102
1369,Brooks Lee,2025,22.0,28.0,57.0,28.0,74.0,21.0,52.0,25.0,81
1370,Trevor Larnach,2025,34.0,69.0,85.0,62.0,49.0,62.0,16.0,52.0,102
1371,Josh Bell,2025,75.0,59.0,90.0,73.0,79.0,76.0,56.0,55.0,107
1373,Luis Rengifo,2025,18.0,10.0,45.0,12.0,62.0,24.0,67.0,34.0,73
1374,Andrew McCutchen,2025,44.0,43.0,56.0,46.0,50.0,88.0,36.0,92.0,95
1375,Nathaniel Lowe,2025,33.0,35.0,73.0,41.0,18.0,72.0,47.0,76.0,91
1376,Jonathan India,2025,22.0,19.0,63.0,22.0,66.0,64.0,77.0,97.0,89
1377,Eric Wagaman,2025,30.0,72.0,92.0,68.0,60.0,24.0,51.0,64.0,85
1378,Nick Castellanos,2025,37.0,18.0,56.0,16.0,44.0,15.0,16.0,3.0,90
